00001.jpg;F;22
00002.jpg;F;51
00003.jpg;M;45
00004.jpg;F;23
00005.jpg;M;42
00006.jpg;F;37
00007.jpg;F;35
00008.jpg;M;25
00009.jpg;F;32
00010.jpg;M;26
00011.jpg;M;29
00012.jpg;F;24
00013.jpg;M;32
00014.jpg;F;31
00015.jpg;F;65
00016.jpg;F;33
00017.jpg;F;19
00018.jpg;M;19
00019.jpg;M;26
00020.jpg;F;72
00021.jpg;F;34
00022.jpg;F;27
00023.jpg;F;43
00024.jpg;F;37
00025.jpg;M;35
00026.jpg;F;26
00027.jpg;F;25
00028.jpg;M;54
00029.jpg;M;31
00030.jpg;F;46
00031.jpg;F;28
00032.jpg;F;20
00033.jpg;M;34
00034.jpg;M;33
00035.jpg;F;31
00036.jpg;F;20
00037.jpg;M;48
00038.jpg;M;29
00039.jpg;F;51
00040.jpg;F;33
00041.jpg;M;27
00042.jpg;M;32
00043.jpg;M;47
00044.jpg;F;38
00045.jpg;F;48
00046.jpg;F;59
00047.jpg;F;49
00048.jpg;F;52
00049.jpg;F;52
00050.jpg;M;34
00051.jpg;F;38
00052.jpg;M;27
00053.jpg;M;26
00054.jpg;M;31
00055.jpg;F;24
00056.jpg;F;31
00057.jpg;F;45
00058.jpg;M;64
00059.jpg;M;42
00060.jpg;F;53
00061.jpg;F;30
00062.jpg;M;73
00063.jpg;F;23
00064.jpg;M;22
00065.jpg;M;21
00066.jpg;M;64
00067.jpg;M;50
00068.jpg;F;39
00069.jpg;M;31
00070.jpg;F;31
00071.jpg;M;41
00072.jpg;F;41
00073.jpg;F;23
00074.jpg;F;28
00075.jpg;F;29
00076.jpg;F;26
00077.jpg;F;33
00078.jpg;M;83
00079.jpg;F;40
00080.jpg;F;40
00081.jpg;F;48
00082.jpg;M;53
00083.jpg;M;53
00084.jpg;F;23
00085.jpg;M;54
00086.jpg;F;24
00087.jpg;F;28
00088.jpg;F;28
00089.jpg;M;44
00090.jpg;M;29
00091.jpg;M;46
00092.jpg;M;29
00093.jpg;F;23
00094.jpg;F;36
00095.jpg;M;39
00096.jpg;F;30
00097.jpg;M;32
00098.jpg;M;66
00099.jpg;F;25
00100.jpg;M;24
00101.jpg;M;46
00102.jpg;M;30
00103.jpg;F;36
00104.jpg;F;32
00105.jpg;F;19
00106.jpg;F;28
00107.jpg;M;27
00108.jpg;M;46
00109.jpg;M;23
00110.jpg;M;23
00111.jpg;F;43
00112.jpg;F;46
00113.jpg;M;44
00114.jpg;F;29
00115.jpg;M;63
00116.jpg;M;20
00117.jpg;F;21
00118.jpg;F;27
00119.jpg;M;25
00120.jpg;M;35
00121.jpg;F;21
00122.jpg;F;32
00123.jpg;F;27
00124.jpg;F;64
00125.jpg;F;26
00126.jpg;M;25
00127.jpg;M;52
00128.jpg;F;36
00129.jpg;M;37
00130.jpg;M;19
00131.jpg;M;42
00132.jpg;M;37
00133.jpg;F;30
00134.jpg;F;26
00135.jpg;M;37
00136.jpg;M;45
00137.jpg;F;68
00138.jpg;F;71
00139.jpg;M;23
00140.jpg;M;20
00141.jpg;M;25
00142.jpg;M;43
00143.jpg;M;67
00144.jpg;F;23
00145.jpg;F;42
00146.jpg;F;26
00147.jpg;M;52
00148.jpg;F;22
00149.jpg;M;62
00150.jpg;M;25
00151.jpg;M;27
00152.jpg;F;49
00153.jpg;M;27
00154.jpg;M;50
00155.jpg;M;20
00156.jpg;F;21
00157.jpg;F;28
00158.jpg;M;20
00159.jpg;F;25
00160.jpg;M;65
00161.jpg;F;31
00162.jpg;M;28
00163.jpg;F;69
00164.jpg;F;40
00165.jpg;M;31
00166.jpg;F;58
00167.jpg;F;52
00168.jpg;F;25
00169.jpg;F;21
00170.jpg;F;33
00171.jpg;F;53
00172.jpg;M;39
00173.jpg;F;64
00174.jpg;M;37
00175.jpg;F;41
00176.jpg;F;20
00177.jpg;F;27
00178.jpg;F;25
00179.jpg;M;35
00180.jpg;M;27
00181.jpg;F;79
00182.jpg;F;60
00183.jpg;F;45
00184.jpg;M;29
00185.jpg;M;43
00186.jpg;M;48
00187.jpg;F;20
00188.jpg;M;52
00189.jpg;F;30
00190.jpg;F;30
00191.jpg;M;21
00192.jpg;F;33
00193.jpg;F;35
00194.jpg;M;32
00195.jpg;M;35
00196.jpg;F;26
00197.jpg;F;30
00198.jpg;F;43
00199.jpg;M;58
00200.jpg;M;21
00201.jpg;F;29
00202.jpg;F;25
00203.jpg;M;21
00204.jpg;M;39
00205.jpg;F;34
00206.jpg;F;50
00207.jpg;M;35
00208.jpg;M;35
00209.jpg;M;31
00210.jpg;F;20
00211.jpg;M;23
00212.jpg;M;57
00213.jpg;M;30
00214.jpg;F;43
00215.jpg;F;45
00216.jpg;F;35
00217.jpg;F;50
00218.jpg;F;29
00219.jpg;F;41
00220.jpg;F;43
00221.jpg;F;35
00222.jpg;F;39
00223.jpg;F;24
00224.jpg;M;41
00225.jpg;F;38
00226.jpg;M;43
00227.jpg;F;27
00228.jpg;F;31
00229.jpg;F;55
00230.jpg;M;37
00231.jpg;F;21
00232.jpg;M;24
00233.jpg;M;31
00234.jpg;M;62
00235.jpg;F;42
00236.jpg;F;36
00237.jpg;M;34
00238.jpg;M;44
00239.jpg;F;40
00240.jpg;F;43
00241.jpg;M;22
00242.jpg;M;48
00243.jpg;F;46
00244.jpg;M;23
00245.jpg;F;41
00246.jpg;M;31
00247.jpg;F;28
00248.jpg;M;29
00249.jpg;M;62
00250.jpg;F;72
00251.jpg;M;27
00252.jpg;F;30
00253.jpg;F;37
00254.jpg;F;36
00255.jpg;M;27
00256.jpg;M;35
00257.jpg;F;24
00258.jpg;M;31
00259.jpg;F;23
00260.jpg;M;30
00261.jpg;F;26
00262.jpg;F;53
00263.jpg;F;26
00264.jpg;M;49
00265.jpg;M;37
00266.jpg;F;29
00267.jpg;M;44
00268.jpg;M;53
00269.jpg;M;29
00270.jpg;M;44
00271.jpg;M;64
00272.jpg;F;41
00273.jpg;F;49
00274.jpg;M;20
00275.jpg;M;28
00276.jpg;F;26
00277.jpg;M;25
00278.jpg;M;38
00279.jpg;F;29
00280.jpg;F;41
00281.jpg;F;46
00282.jpg;F;23
00283.jpg;F;45
00284.jpg;F;20
00285.jpg;M;28
00286.jpg;F;54
00287.jpg;M;34
00288.jpg;F;31
00289.jpg;F;37
00290.jpg;F;30
00291.jpg;F;37
00292.jpg;F;38
00293.jpg;F;36
00294.jpg;M;34
00295.jpg;M;30
00296.jpg;M;50
00297.jpg;M;55
00298.jpg;F;25
00299.jpg;M;26
00300.jpg;F;50
00301.jpg;F;48
00302.jpg;F;30
00303.jpg;F;33
00304.jpg;F;46
00305.jpg;F;32
00306.jpg;F;55
00307.jpg;F;53
00308.jpg;F;19
00309.jpg;F;20
00310.jpg;F;23
00311.jpg;F;41
00312.jpg;M;73
00313.jpg;M;22
00314.jpg;F;33
00315.jpg;M;40
00316.jpg;M;35
00317.jpg;F;21
00318.jpg;F;51
00319.jpg;F;49
00320.jpg;F;35
00321.jpg;F;50
00322.jpg;M;26
00323.jpg;M;21
00324.jpg;F;32
00325.jpg;M;45
00326.jpg;F;32
00327.jpg;F;39
00328.jpg;F;33
00329.jpg;M;24
00330.jpg;F;25
00331.jpg;M;21
00332.jpg;F;48
00333.jpg;F;23
00334.jpg;M;36
00335.jpg;F;36
00336.jpg;F;43
00337.jpg;F;74
00338.jpg;F;61
00339.jpg;F;23
00340.jpg;F;27
00341.jpg;F;49
00342.jpg;M;42
00343.jpg;F;26
00344.jpg;F;47
00345.jpg;M;21
00346.jpg;M;53
00347.jpg;F;31
00348.jpg;M;20
00349.jpg;F;51
00350.jpg;F;36
00351.jpg;M;21
00352.jpg;F;61
00353.jpg;F;32
00354.jpg;M;42
00355.jpg;F;21
00356.jpg;M;57
00357.jpg;M;23
00358.jpg;F;59
00359.jpg;M;59
00360.jpg;M;47
00361.jpg;F;35
00362.jpg;M;40
00363.jpg;F;55
00364.jpg;F;20
00365.jpg;F;32
00366.jpg;M;21
00367.jpg;F;31
00368.jpg;F;34
00369.jpg;F;51
00370.jpg;F;32
00371.jpg;F;22
00372.jpg;F;25
00373.jpg;F;25
00374.jpg;M;25
00375.jpg;F;55
00376.jpg;F;49
00377.jpg;F;33
00378.jpg;M;33
00379.jpg;M;22
00380.jpg;F;24
00381.jpg;M;32
00382.jpg;F;46
00383.jpg;M;57
00384.jpg;F;34
00385.jpg;M;21
00386.jpg;F;33
00387.jpg;F;69
00388.jpg;M;34
00389.jpg;F;32
00390.jpg;F;72
00391.jpg;F;22
00392.jpg;F;29
00393.jpg;F;64
00394.jpg;M;21
00395.jpg;F;44
00396.jpg;F;27
00397.jpg;F;33
00398.jpg;F;53
00399.jpg;M;32
00400.jpg;M;39
00401.jpg;F;21
00402.jpg;F;45
00403.jpg;F;46
00404.jpg;M;34
00405.jpg;F;24
00406.jpg;F;34
00407.jpg;F;27
00408.jpg;M;26
00409.jpg;M;82
00410.jpg;F;68
00411.jpg;M;23
00412.jpg;F;55
00413.jpg;F;44
00414.jpg;F;43
00415.jpg;M;67
00416.jpg;M;48
00417.jpg;F;29
00418.jpg;M;34
00419.jpg;M;21
00420.jpg;M;40
00421.jpg;M;21
00422.jpg;F;40
00423.jpg;F;51
00424.jpg;M;60
00425.jpg;M;23
00426.jpg;M;53
00427.jpg;M;47
00428.jpg;F;40
00429.jpg;F;32
00430.jpg;F;21
00431.jpg;F;56
00432.jpg;M;24
00433.jpg;F;47
00434.jpg;M;33
00435.jpg;M;46
00436.jpg;M;56
00437.jpg;F;47
00438.jpg;M;30
00439.jpg;F;33
00440.jpg;M;20
00441.jpg;M;37
00442.jpg;M;26
00443.jpg;F;24
00444.jpg;M;53
00445.jpg;M;41
00446.jpg;M;35
00447.jpg;F;45
00448.jpg;M;71
00449.jpg;F;24
00450.jpg;M;23
00451.jpg;M;25
00452.jpg;F;20
00453.jpg;F;29
00454.jpg;F;51
00455.jpg;M;39
00456.jpg;F;51
00457.jpg;F;20
00458.jpg;F;53
00459.jpg;F;35
00460.jpg;F;37
00461.jpg;F;26
00462.jpg;M;26
00463.jpg;M;40
00464.jpg;F;24
00465.jpg;F;24
00466.jpg;F;58
00467.jpg;M;20
00468.jpg;M;61
00469.jpg;M;34
00470.jpg;M;36
00471.jpg;F;37
00472.jpg;F;42
00473.jpg;M;34
00474.jpg;F;21
00475.jpg;M;40
00476.jpg;F;65
00477.jpg;F;32
00478.jpg;F;21
00479.jpg;M;24
00480.jpg;F;23
00481.jpg;F;34
00482.jpg;F;50
00483.jpg;M;20
00484.jpg;M;55
00485.jpg;M;60
00486.jpg;F;35
00487.jpg;M;36
00488.jpg;M;43
00489.jpg;F;38
00490.jpg;F;69
00491.jpg;F;26
00492.jpg;F;31
00493.jpg;M;22
00494.jpg;M;27
00495.jpg;M;21
00496.jpg;F;24
00497.jpg;M;46
00498.jpg;F;19
00499.jpg;M;27
00500.jpg;F;42
00501.jpg;M;38
00502.jpg;F;20
00503.jpg;M;33
00504.jpg;F;32
00505.jpg;F;24
00506.jpg;M;55
00507.jpg;M;24
00508.jpg;M;52
00509.jpg;M;65
00510.jpg;M;60
00511.jpg;F;30
00512.jpg;M;58
00513.jpg;M;49
00514.jpg;F;43
00515.jpg;F;26
00516.jpg;F;37
00517.jpg;F;52
00518.jpg;M;54
00519.jpg;F;32
00520.jpg;M;20
00521.jpg;F;29
00522.jpg;M;27
00523.jpg;F;26
00524.jpg;F;26
00525.jpg;F;39
00526.jpg;M;45
00527.jpg;M;51
00528.jpg;M;38
00529.jpg;M;45
00530.jpg;F;40
00531.jpg;M;23
00532.jpg;M;49
00533.jpg;M;36
00534.jpg;F;26
00535.jpg;F;25
00536.jpg;M;56
00537.jpg;F;25
00538.jpg;F;29
00539.jpg;M;45
00540.jpg;F;47
00541.jpg;F;34
00542.jpg;F;24
00543.jpg;F;22
00544.jpg;F;35
00545.jpg;F;48
00546.jpg;M;21
00547.jpg;F;34
00548.jpg;F;52
00549.jpg;M;31
00550.jpg;F;25
00551.jpg;F;20
00552.jpg;M;54
00553.jpg;M;40
00554.jpg;M;29
00555.jpg;F;47
00556.jpg;F;23
00557.jpg;F;64
00558.jpg;M;38
00559.jpg;F;46
00560.jpg;M;23
00561.jpg;F;24
00562.jpg;F;40
00563.jpg;M;65
00564.jpg;F;41
00565.jpg;M;29
00566.jpg;F;49
00567.jpg;F;42
00568.jpg;F;31
00569.jpg;M;56
00570.jpg;F;21
00571.jpg;F;31
00572.jpg;F;42
00573.jpg;M;40
00574.jpg;M;54
00575.jpg;F;39
00576.jpg;F;30
00577.jpg;F;42
00578.jpg;M;41
00579.jpg;M;38
00580.jpg;F;21
00581.jpg;F;39
00582.jpg;F;53
00583.jpg;M;54
00584.jpg;M;21
00585.jpg;F;26
00586.jpg;M;25
00587.jpg;M;34
00588.jpg;F;43
00589.jpg;F;37
00590.jpg;M;58
00591.jpg;M;21
00592.jpg;F;54
00593.jpg;F;36
00594.jpg;M;27
00595.jpg;M;45
00596.jpg;M;36
00597.jpg;F;39
00598.jpg;M;28
00599.jpg;F;21
00600.jpg;F;25
00601.jpg;F;29
00602.jpg;F;68
00603.jpg;F;55
00604.jpg;F;42
00605.jpg;M;37
00606.jpg;F;33
00607.jpg;F;40
00608.jpg;M;40
00609.jpg;F;24
00610.jpg;F;31
00611.jpg;F;61
00612.jpg;F;50
00613.jpg;F;49
00614.jpg;M;36
00615.jpg;F;51
00616.jpg;F;27
00617.jpg;F;35
00618.jpg;M;48
00619.jpg;F;35
00620.jpg;F;22
00621.jpg;M;23
00622.jpg;F;21
00623.jpg;F;34
00624.jpg;F;44
00625.jpg;F;44
00626.jpg;F;29
00627.jpg;M;42
00628.jpg;M;55
00629.jpg;M;41
00630.jpg;F;22
00631.jpg;F;27
00632.jpg;F;32
00633.jpg;F;38
00634.jpg;M;45
00635.jpg;M;30
00636.jpg;M;75
00637.jpg;F;40
00638.jpg;M;25
00639.jpg;M;21
00640.jpg;M;22
00641.jpg;F;46
00642.jpg;F;54
00643.jpg;M;30
00644.jpg;F;27
00645.jpg;F;22
00646.jpg;M;24
00647.jpg;M;26
00648.jpg;F;44
00649.jpg;M;42
00650.jpg;F;43
00651.jpg;F;25
00652.jpg;F;35
00653.jpg;M;40
00654.jpg;F;29
00655.jpg;F;35
00656.jpg;M;28
00657.jpg;F;23
00658.jpg;M;39
00659.jpg;F;25
00660.jpg;F;22
00661.jpg;F;20
00662.jpg;F;24
00663.jpg;M;49
00664.jpg;M;24
00665.jpg;F;25
00666.jpg;M;36
00667.jpg;M;27
00668.jpg;F;48
00669.jpg;M;22
00670.jpg;M;27
00671.jpg;F;44
00672.jpg;F;23
00673.jpg;F;77
00674.jpg;F;36
00675.jpg;F;36
00676.jpg;F;50
00677.jpg;F;42
00678.jpg;F;25
00679.jpg;F;42
00680.jpg;M;35
00681.jpg;M;40
00682.jpg;M;38
00683.jpg;F;33
00684.jpg;F;38
00685.jpg;F;44
00686.jpg;F;40
00687.jpg;M;51
00688.jpg;F;47
00689.jpg;M;45
00690.jpg;F;29
00691.jpg;M;47
00692.jpg;M;53
00693.jpg;F;26
00694.jpg;F;48
00695.jpg;F;25
00696.jpg;F;24
00697.jpg;F;58
00698.jpg;M;34
00699.jpg;M;70
00700.jpg;M;68
00701.jpg;M;42
00702.jpg;M;28
00703.jpg;F;27
00704.jpg;F;42
00705.jpg;M;39
00706.jpg;M;21
00707.jpg;F;38
00708.jpg;F;52
00709.jpg;F;55
00710.jpg;M;48
00711.jpg;F;48
00712.jpg;F;44
00713.jpg;M;54
00714.jpg;F;38
00715.jpg;F;23
00716.jpg;F;25
00717.jpg;M;32
00718.jpg;F;39
00719.jpg;F;42
00720.jpg;F;60
00721.jpg;F;37
00722.jpg;F;28
00723.jpg;F;47
00724.jpg;F;72
00725.jpg;F;22
00726.jpg;F;30
00727.jpg;M;39
00728.jpg;F;23
00729.jpg;M;39
00730.jpg;M;54
00731.jpg;M;28
00732.jpg;M;55
00733.jpg;F;27
00734.jpg;M;40
00735.jpg;M;42
00736.jpg;F;27
00737.jpg;F;27
00738.jpg;F;43
00739.jpg;F;29
00740.jpg;M;29
00741.jpg;M;22
00742.jpg;F;64
00743.jpg;F;64
00744.jpg;F;36
00745.jpg;F;62
00746.jpg;M;45
00747.jpg;F;45
00748.jpg;M;42
00749.jpg;M;61
00750.jpg;F;47
00751.jpg;M;57
00752.jpg;M;37
00753.jpg;M;39
00754.jpg;M;44
00755.jpg;F;24
00756.jpg;M;60
00757.jpg;M;61
00758.jpg;F;29
00759.jpg;F;24
00760.jpg;M;27
00761.jpg;F;51
00762.jpg;F;33
00763.jpg;M;32
00764.jpg;M;54
00765.jpg;M;50
00766.jpg;M;44
00767.jpg;M;23
00768.jpg;F;30
00769.jpg;F;52
00770.jpg;F;32
00771.jpg;M;38
00772.jpg;F;39
00773.jpg;F;28
00774.jpg;M;30
00775.jpg;F;24
00776.jpg;F;59
00777.jpg;M;20
00778.jpg;F;30
00779.jpg;M;46
00780.jpg;F;27
00781.jpg;F;51
00782.jpg;F;30
00783.jpg;M;40
00784.jpg;F;54
00785.jpg;M;67
00786.jpg;F;33
00787.jpg;M;23
00788.jpg;M;23
00789.jpg;F;34
00790.jpg;M;42
00791.jpg;F;26
00792.jpg;F;39
00793.jpg;F;37
00794.jpg;M;43
00795.jpg;F;24
00796.jpg;F;24
00797.jpg;F;29
00798.jpg;F;36
00799.jpg;M;29
00800.jpg;M;37
00801.jpg;M;27
00802.jpg;F;48
00803.jpg;M;25
00804.jpg;F;36
00805.jpg;M;32
00806.jpg;M;34
00807.jpg;F;24
00808.jpg;M;43
00809.jpg;M;33
00810.jpg;F;21
00811.jpg;M;54
00812.jpg;F;26
00813.jpg;F;27
00814.jpg;F;29
00815.jpg;F;25
00816.jpg;M;24
00817.jpg;M;50
00818.jpg;M;27
00819.jpg;F;30
00820.jpg;M;50
00821.jpg;M;50
00822.jpg;F;40
00823.jpg;F;40
00824.jpg;F;32
00825.jpg;M;24
00826.jpg;M;31
00827.jpg;M;28
00828.jpg;M;28
00829.jpg;M;44
00830.jpg;F;48
00831.jpg;M;61
00832.jpg;F;47
00833.jpg;F;46
00834.jpg;F;33
00835.jpg;M;30
00836.jpg;F;45
00837.jpg;F;51
00838.jpg;M;45
00839.jpg;F;40
00840.jpg;F;41
00841.jpg;M;64
00842.jpg;F;27
00843.jpg;F;32
00844.jpg;F;42
00845.jpg;M;59
00846.jpg;F;47
00847.jpg;F;25
00848.jpg;F;31
00849.jpg;F;25
00850.jpg;F;32
00851.jpg;F;63
00852.jpg;F;38
00853.jpg;F;59
00854.jpg;F;26
00855.jpg;F;29
00856.jpg;M;38
00857.jpg;M;49
00858.jpg;F;58
00859.jpg;F;40
00860.jpg;M;65
00861.jpg;M;42
00862.jpg;F;46
00863.jpg;F;49
00864.jpg;F;27
00865.jpg;M;35
00866.jpg;M;36
00867.jpg;M;38
00868.jpg;F;34
00869.jpg;F;24
00870.jpg;M;32
00871.jpg;M;33
00872.jpg;F;50
00873.jpg;M;22
00874.jpg;F;62
00875.jpg;F;42
00876.jpg;F;34
00877.jpg;F;55
00878.jpg;M;34
00879.jpg;F;53
00880.jpg;M;39
00881.jpg;F;38
00882.jpg;F;31
00883.jpg;M;35
00884.jpg;F;21
00885.jpg;F;54
00886.jpg;F;34
00887.jpg;M;34
00888.jpg;F;53
00889.jpg;F;35
00890.jpg;M;43
00891.jpg;F;37
00892.jpg;M;23
00893.jpg;F;32
00894.jpg;F;33
00895.jpg;F;54
00896.jpg;M;34
00897.jpg;F;37
00898.jpg;F;29
00899.jpg;M;45
00900.jpg;M;24
00901.jpg;F;70
00902.jpg;F;66
00903.jpg;F;22
00904.jpg;F;31
00905.jpg;F;48
00906.jpg;F;69
00907.jpg;F;46
00908.jpg;M;62
00909.jpg;F;55
00910.jpg;M;33
00911.jpg;M;53
00912.jpg;M;62
00913.jpg;F;39
00914.jpg;M;61
00915.jpg;F;28
00916.jpg;F;22
00917.jpg;F;56
00918.jpg;F;27
00919.jpg;F;36
00920.jpg;F;56
00921.jpg;F;44
00922.jpg;M;71
00923.jpg;M;32
00924.jpg;F;56
00925.jpg;M;34
00926.jpg;M;36
00927.jpg;M;38
00928.jpg;F;46
00929.jpg;F;31
00930.jpg;M;31
00931.jpg;M;33
00932.jpg;F;35
00933.jpg;F;34
00934.jpg;F;34
00935.jpg;M;40
00936.jpg;M;33
00937.jpg;F;53
00938.jpg;F;29
00939.jpg;M;45
00940.jpg;F;26
00941.jpg;F;20
00942.jpg;F;35
00943.jpg;M;33
00944.jpg;F;32
00945.jpg;F;31
00946.jpg;F;69
00947.jpg;F;31
00948.jpg;F;36
00949.jpg;M;36
00950.jpg;M;31
00951.jpg;F;19
00952.jpg;F;36
00953.jpg;M;24
00954.jpg;F;63
00955.jpg;M;22
00956.jpg;M;31
00957.jpg;F;45
00958.jpg;M;45
00959.jpg;M;63
00960.jpg;M;38
00961.jpg;F;27
00962.jpg;M;22
00963.jpg;F;40
00964.jpg;F;60
00965.jpg;F;34
00966.jpg;M;39
00967.jpg;F;20
00968.jpg;M;61
00969.jpg;M;25
00970.jpg;F;48
00971.jpg;F;29
00972.jpg;M;30
00973.jpg;M;67
00974.jpg;M;40
00975.jpg;F;32
00976.jpg;M;23
00977.jpg;M;41
00978.jpg;F;50
00979.jpg;F;25
00980.jpg;M;39
00981.jpg;F;23
00982.jpg;M;35
00983.jpg;M;34
00984.jpg;M;38
00985.jpg;F;26
00986.jpg;M;23
00987.jpg;F;23
00988.jpg;M;43
00989.jpg;F;31
00990.jpg;F;23
00991.jpg;F;35
00992.jpg;M;38
00993.jpg;F;63
00994.jpg;F;35
00995.jpg;F;46
00996.jpg;M;61
00997.jpg;F;24
00998.jpg;F;52
00999.jpg;F;25
01000.jpg;F;37
01001.jpg;F;20
01002.jpg;M;26
01003.jpg;F;32
01004.jpg;M;38
01005.jpg;F;42
01006.jpg;M;21
01007.jpg;F;34
01008.jpg;M;39
01009.jpg;F;25
01010.jpg;F;30
01011.jpg;F;51
01012.jpg;F;55
01013.jpg;M;37
01014.jpg;M;40
01015.jpg;M;41
01016.jpg;F;69
01017.jpg;M;25
01018.jpg;M;35
01019.jpg;F;38
01020.jpg;F;45
01021.jpg;F;54
01022.jpg;M;34
01023.jpg;M;79
01024.jpg;F;24
01025.jpg;M;25
01026.jpg;F;23
01027.jpg;F;23
01028.jpg;F;30
01029.jpg;F;54
01030.jpg;M;30
01031.jpg;F;26
01032.jpg;M;68
01033.jpg;M;69
01034.jpg;M;36
01035.jpg;F;33
01036.jpg;M;55
01037.jpg;M;34
01038.jpg;F;20
01039.jpg;M;29
01040.jpg;M;23
01041.jpg;F;23
01042.jpg;M;37
01043.jpg;F;64
01044.jpg;F;23
01045.jpg;M;30
01046.jpg;M;55
01047.jpg;F;32
01048.jpg;F;36
01049.jpg;F;52
01050.jpg;F;21
01051.jpg;M;32
01052.jpg;M;21
01053.jpg;M;20
01054.jpg;M;42
01055.jpg;F;37
01056.jpg;M;29
01057.jpg;F;36
01058.jpg;F;28
01059.jpg;M;29
01060.jpg;F;53
01061.jpg;M;53
01062.jpg;F;50
01063.jpg;F;58
01064.jpg;M;32
01065.jpg;F;40
01066.jpg;M;28
01067.jpg;F;24
01068.jpg;F;37
01069.jpg;M;37
01070.jpg;F;40
01071.jpg;F;25
01072.jpg;F;38
01073.jpg;M;37
01074.jpg;M;44
01075.jpg;F;54
01076.jpg;F;35
01077.jpg;M;28
01078.jpg;F;38
01079.jpg;F;48
01080.jpg;F;70
01081.jpg;M;33
01082.jpg;M;21
01083.jpg;M;55
01084.jpg;F;32
01085.jpg;M;52
01086.jpg;M;55
01087.jpg;F;26
01088.jpg;M;69
01089.jpg;M;39
01090.jpg;M;43
01091.jpg;M;42
01092.jpg;F;40
01093.jpg;M;41
01094.jpg;F;20
01095.jpg;F;44
01096.jpg;M;45
01097.jpg;F;26
01098.jpg;F;41
01099.jpg;M;35
01100.jpg;F;77
01101.jpg;F;43
01102.jpg;F;39
01103.jpg;F;58
01104.jpg;F;66
01105.jpg;M;58
01106.jpg;M;42
01107.jpg;F;31
01108.jpg;F;41
01109.jpg;F;38
01110.jpg;F;47
01111.jpg;F;22
01112.jpg;M;20
01113.jpg;M;37
01114.jpg;F;26
01115.jpg;F;28
01116.jpg;M;42
01117.jpg;F;26
01118.jpg;F;23
01119.jpg;F;20
01120.jpg;F;51
01121.jpg;M;51
01122.jpg;M;42
01123.jpg;F;34
01124.jpg;F;27
01125.jpg;M;45
01126.jpg;M;43
01127.jpg;M;34
01128.jpg;F;28
01129.jpg;M;70
01130.jpg;M;21
01131.jpg;F;53
01132.jpg;F;53
01133.jpg;M;40
01134.jpg;M;34
01135.jpg;F;59
01136.jpg;F;65
01137.jpg;M;38
01138.jpg;F;48
01139.jpg;F;58
01140.jpg;M;51
01141.jpg;F;26
01142.jpg;F;24
01143.jpg;F;36
01144.jpg;M;25
01145.jpg;F;25
01146.jpg;F;23
01147.jpg;M;47
01148.jpg;M;32
01149.jpg;M;48
01150.jpg;F;22
01151.jpg;F;27
01152.jpg;F;20
01153.jpg;M;77
01154.jpg;F;39
01155.jpg;F;35
01156.jpg;F;30
01157.jpg;F;28
01158.jpg;F;41
01159.jpg;F;54
01160.jpg;F;53
01161.jpg;F;36
01162.jpg;F;33
01163.jpg;F;22
01164.jpg;F;24
01165.jpg;F;66
01166.jpg;F;37
01167.jpg;M;63
01168.jpg;M;31
01169.jpg;M;19
01170.jpg;M;35
01171.jpg;F;26
01172.jpg;F;62
01173.jpg;M;36
01174.jpg;M;35
01175.jpg;F;39
01176.jpg;M;36
01177.jpg;F;35
01178.jpg;F;56
01179.jpg;F;34
01180.jpg;M;50
01181.jpg;F;60
01182.jpg;M;61
01183.jpg;M;49
01184.jpg;M;58
01185.jpg;F;41
01186.jpg;M;51
01187.jpg;M;27
01188.jpg;F;41
01189.jpg;F;45
01190.jpg;F;59
01191.jpg;M;71
01192.jpg;F;70
01193.jpg;F;63
01194.jpg;F;27
01195.jpg;M;39
01196.jpg;F;49
01197.jpg;F;30
01198.jpg;M;42
01199.jpg;F;54
01200.jpg;F;38
01201.jpg;F;27
01202.jpg;M;35
01203.jpg;M;35
01204.jpg;F;21
01205.jpg;F;42
01206.jpg;F;20
01207.jpg;F;24
01208.jpg;F;22
01209.jpg;F;31
01210.jpg;M;25
01211.jpg;M;44
01212.jpg;F;39
01213.jpg;F;19
01214.jpg;F;25
01215.jpg;F;26
01216.jpg;M;20
01217.jpg;F;27
01218.jpg;F;59
01219.jpg;F;47
01220.jpg;F;48
01221.jpg;F;21
01222.jpg;M;34
01223.jpg;M;37
01224.jpg;M;53
01225.jpg;F;41
01226.jpg;F;39
01227.jpg;F;60
01228.jpg;M;51
01229.jpg;F;24
01230.jpg;M;35
01231.jpg;F;20
01232.jpg;F;33
01233.jpg;F;28
01234.jpg;M;64
01235.jpg;F;33
01236.jpg;M;28
01237.jpg;M;25
01238.jpg;F;37
01239.jpg;M;35
01240.jpg;F;39
01241.jpg;F;48
01242.jpg;M;38
01243.jpg;F;30
01244.jpg;F;26
01245.jpg;F;32
01246.jpg;F;45
01247.jpg;M;42
01248.jpg;F;45
01249.jpg;F;38
01250.jpg;M;36
01251.jpg;M;38
01252.jpg;F;65
01253.jpg;M;64
01254.jpg;M;31
01255.jpg;M;50
01256.jpg;M;70
01257.jpg;M;46
01258.jpg;F;40
01259.jpg;F;29
01260.jpg;F;48
01261.jpg;M;37
01262.jpg;M;69
01263.jpg;F;23
01264.jpg;F;20
01265.jpg;F;26
01266.jpg;F;37
01267.jpg;F;33
01268.jpg;M;62
01269.jpg;F;27
01270.jpg;M;41
01271.jpg;F;32
01272.jpg;F;35
01273.jpg;M;66
01274.jpg;M;41
01275.jpg;M;20
01276.jpg;F;32
01277.jpg;F;51
01278.jpg;M;28
01279.jpg;F;71
01280.jpg;F;35
01281.jpg;F;26
01282.jpg;F;33
01283.jpg;M;59
01284.jpg;M;28
01285.jpg;M;51
01286.jpg;F;32
01287.jpg;F;57
01288.jpg;M;38
01289.jpg;F;28
01290.jpg;M;43
01291.jpg;M;49
01292.jpg;M;28
01293.jpg;F;26
01294.jpg;F;55
01295.jpg;F;59
01296.jpg;F;70
01297.jpg;M;25
01298.jpg;F;33
01299.jpg;M;52
01300.jpg;M;47
01301.jpg;F;37
01302.jpg;F;23
01303.jpg;M;23
01304.jpg;F;41
01305.jpg;F;55
01306.jpg;M;27
01307.jpg;F;29
01308.jpg;F;62
01309.jpg;F;31
01310.jpg;M;52
01311.jpg;F;29
01312.jpg;F;47
01313.jpg;M;51
01314.jpg;F;44
01315.jpg;F;23
01316.jpg;F;38
01317.jpg;F;26
01318.jpg;M;34
01319.jpg;F;29
01320.jpg;M;51
01321.jpg;F;29
01322.jpg;F;40
01323.jpg;F;35
01324.jpg;F;54
01325.jpg;F;33
01326.jpg;M;37
01327.jpg;M;32
01328.jpg;F;48
01329.jpg;F;55
01330.jpg;F;52
01331.jpg;F;53
01332.jpg;M;61
01333.jpg;M;52
01334.jpg;F;35
01335.jpg;M;46
01336.jpg;F;19
01337.jpg;F;31
01338.jpg;F;52
01339.jpg;M;45
01340.jpg;F;35
01341.jpg;M;57
01342.jpg;M;49
01343.jpg;M;29
01344.jpg;F;31
01345.jpg;F;26
01346.jpg;M;59
01347.jpg;M;36
01348.jpg;F;26
01349.jpg;F;30
01350.jpg;F;21
01351.jpg;M;26
01352.jpg;M;33
01353.jpg;F;37
01354.jpg;F;43
01355.jpg;F;35
01356.jpg;F;25
01357.jpg;F;54
01358.jpg;F;29
01359.jpg;F;30
01360.jpg;M;36
01361.jpg;F;26
01362.jpg;M;72
01363.jpg;F;45
01364.jpg;F;25
01365.jpg;F;35
01366.jpg;M;37
01367.jpg;F;28
01368.jpg;M;26
01369.jpg;F;34
01370.jpg;F;47
01371.jpg;M;41
01372.jpg;M;51
01373.jpg;M;33
01374.jpg;M;42
01375.jpg;F;53
01376.jpg;F;55
01377.jpg;F;36
01378.jpg;F;38
01379.jpg;F;27
01380.jpg;F;50
01381.jpg;M;41
01382.jpg;M;36
01383.jpg;M;34
01384.jpg;M;45
01385.jpg;M;34
01386.jpg;F;66
01387.jpg;F;27
01388.jpg;M;35
01389.jpg;F;32
01390.jpg;M;66
01391.jpg;M;67
01392.jpg;F;41
01393.jpg;F;39
01394.jpg;F;42
01395.jpg;F;34
01396.jpg;M;43
01397.jpg;F;29
01398.jpg;F;34
01399.jpg;M;28
01400.jpg;M;19
01401.jpg;M;28
01402.jpg;M;25
01403.jpg;F;34
01404.jpg;F;42
01405.jpg;M;24
01406.jpg;M;34
01407.jpg;M;28
01408.jpg;M;71
01409.jpg;F;19
01410.jpg;M;26
01411.jpg;M;32
01412.jpg;M;56
01413.jpg;M;24
01414.jpg;F;58
01415.jpg;F;22
01416.jpg;F;51
01417.jpg;F;63
01418.jpg;F;46
01419.jpg;F;39
01420.jpg;F;33
01421.jpg;M;42
01422.jpg;F;44
01423.jpg;F;63
01424.jpg;F;61
01425.jpg;F;50
01426.jpg;M;35
01427.jpg;M;62
01428.jpg;M;39
01429.jpg;F;60
01430.jpg;F;23
01431.jpg;F;36
01432.jpg;F;34
01433.jpg;M;52
01434.jpg;F;45
01435.jpg;F;53
01436.jpg;F;46
01437.jpg;M;60
01438.jpg;F;47
01439.jpg;F;62
01440.jpg;F;48
01441.jpg;F;32
01442.jpg;M;20
01443.jpg;F;38
01444.jpg;F;41
01445.jpg;F;56
01446.jpg;F;53
01447.jpg;F;39
01448.jpg;M;53
01449.jpg;F;57
01450.jpg;F;25
01451.jpg;M;35
01452.jpg;M;32
01453.jpg;M;39
01454.jpg;M;23
01455.jpg;M;23
01456.jpg;M;40
01457.jpg;F;43
01458.jpg;F;48
01459.jpg;F;42
01460.jpg;F;52
01461.jpg;F;40
01462.jpg;F;40
01463.jpg;F;38
01464.jpg;F;26
01465.jpg;F;33
01466.jpg;M;50
01467.jpg;F;53
01468.jpg;M;61
01469.jpg;F;36
01470.jpg;F;52
01471.jpg;M;57
01472.jpg;M;43
01473.jpg;M;23
01474.jpg;F;47
01475.jpg;M;30
01476.jpg;F;33
01477.jpg;M;61
01478.jpg;F;31
01479.jpg;M;50
01480.jpg;F;21
01481.jpg;F;38
01482.jpg;F;31
01483.jpg;F;24
01484.jpg;F;49
01485.jpg;M;45
01486.jpg;F;30
01487.jpg;M;20
01488.jpg;M;31
01489.jpg;F;21
01490.jpg;F;46
01491.jpg;M;39
01492.jpg;F;26
01493.jpg;M;60
01494.jpg;F;31
01495.jpg;M;50
01496.jpg;F;70
01497.jpg;F;40
01498.jpg;F;31
01499.jpg;F;38
01500.jpg;F;55
01501.jpg;F;53
01502.jpg;M;32
01503.jpg;M;31
01504.jpg;F;23
01505.jpg;M;37
01506.jpg;M;39
01507.jpg;F;56
01508.jpg;M;47
01509.jpg;F;33
01510.jpg;M;59
01511.jpg;M;22
01512.jpg;F;50
01513.jpg;M;40
01514.jpg;F;32
01515.jpg;M;32
01516.jpg;F;61
01517.jpg;M;40
01518.jpg;F;38
01519.jpg;M;33
01520.jpg;F;58
01521.jpg;M;52
01522.jpg;F;34
01523.jpg;M;31
01524.jpg;M;53
01525.jpg;F;47
01526.jpg;M;48
01527.jpg;F;43
01528.jpg;F;40
01529.jpg;F;24
01530.jpg;M;25
01531.jpg;F;23
01532.jpg;F;34
01533.jpg;F;34
01534.jpg;F;41
01535.jpg;M;44
01536.jpg;M;33
01537.jpg;F;58
01538.jpg;M;37
01539.jpg;F;21
01540.jpg;F;31
01541.jpg;F;53
01542.jpg;M;20
01543.jpg;M;30
01544.jpg;F;41
01545.jpg;M;27
01546.jpg;F;55
01547.jpg;M;39
01548.jpg;F;41
01549.jpg;F;37
01550.jpg;F;38
01551.jpg;F;56
01552.jpg;F;40
01553.jpg;F;61
01554.jpg;F;54
01555.jpg;M;48
01556.jpg;M;45
01557.jpg;F;45
01558.jpg;F;41
01559.jpg;M;42
01560.jpg;F;53
01561.jpg;F;34
01562.jpg;M;62
01563.jpg;F;28
01564.jpg;M;28
01565.jpg;F;21
01566.jpg;M;58
01567.jpg;M;61
01568.jpg;M;33
01569.jpg;F;42
01570.jpg;F;45
01571.jpg;F;25
01572.jpg;M;19
01573.jpg;M;36
01574.jpg;M;20
01575.jpg;F;40
01576.jpg;M;43
01577.jpg;F;34
01578.jpg;F;32
01579.jpg;F;39
01580.jpg;M;43
01581.jpg;F;31
01582.jpg;F;57
01583.jpg;F;25
01584.jpg;M;23
01585.jpg;F;34
01586.jpg;F;40
01587.jpg;F;27
01588.jpg;M;31
01589.jpg;F;46
01590.jpg;F;38
01591.jpg;F;32
01592.jpg;M;44
01593.jpg;M;45
01594.jpg;F;43
01595.jpg;F;29
01596.jpg;F;38
01597.jpg;M;44
01598.jpg;M;36
01599.jpg;M;66
01600.jpg;M;24
01601.jpg;M;33
01602.jpg;M;32
01603.jpg;M;44
01604.jpg;F;20
01605.jpg;F;25
01606.jpg;M;25
01607.jpg;M;31
01608.jpg;F;52
01609.jpg;F;36
01610.jpg;F;33
01611.jpg;F;29
01612.jpg;M;38
01613.jpg;F;53
01614.jpg;M;40
01615.jpg;F;27
01616.jpg;M;35
01617.jpg;F;28
01618.jpg;F;35
01619.jpg;F;27
01620.jpg;F;42
01621.jpg;F;20
01622.jpg;F;59
01623.jpg;M;42
01624.jpg;M;22
01625.jpg;F;30
01626.jpg;F;55
01627.jpg;M;42
01628.jpg;M;30
01629.jpg;M;31
01630.jpg;F;32
01631.jpg;F;31
01632.jpg;F;38
01633.jpg;M;51
01634.jpg;M;40
01635.jpg;F;47
01636.jpg;M;31
01637.jpg;F;38
01638.jpg;M;36
01639.jpg;M;24
01640.jpg;F;21
01641.jpg;M;55
01642.jpg;F;44
01643.jpg;F;31
01644.jpg;F;36
01645.jpg;M;32
01646.jpg;F;35
01647.jpg;F;63
01648.jpg;M;24
01649.jpg;F;38
01650.jpg;F;33
01651.jpg;F;45
01652.jpg;M;43
01653.jpg;M;30
01654.jpg;F;29
01655.jpg;F;41
01656.jpg;M;32
01657.jpg;F;28
01658.jpg;F;23
01659.jpg;F;21
01660.jpg;F;45
01661.jpg;M;28
01662.jpg;M;34
01663.jpg;M;30
01664.jpg;F;20
01665.jpg;F;30
01666.jpg;M;34
01667.jpg;F;25
01668.jpg;F;25
01669.jpg;M;74
01670.jpg;M;37
01671.jpg;F;33
01672.jpg;F;29
01673.jpg;F;28
01674.jpg;F;37
01675.jpg;M;32
01676.jpg;F;68
01677.jpg;M;20
01678.jpg;F;48
01679.jpg;M;21
01680.jpg;M;40
01681.jpg;F;30
01682.jpg;M;60
01683.jpg;F;46
01684.jpg;M;51
01685.jpg;F;26
01686.jpg;M;24
01687.jpg;F;48
01688.jpg;M;35
01689.jpg;F;30
01690.jpg;M;59
01691.jpg;M;49
01692.jpg;M;68
01693.jpg;F;37
01694.jpg;F;27
01695.jpg;F;26
01696.jpg;M;45
01697.jpg;F;19
01698.jpg;M;42
01699.jpg;F;40
01700.jpg;M;26
01701.jpg;F;46
01702.jpg;F;27
01703.jpg;M;42
01704.jpg;F;27
01705.jpg;M;31
01706.jpg;M;20
01707.jpg;F;27
01708.jpg;M;38
01709.jpg;M;54
01710.jpg;M;77
01711.jpg;F;20
01712.jpg;M;72
01713.jpg;M;53
01714.jpg;M;27
01715.jpg;M;39
01716.jpg;F;37
01717.jpg;F;35
01718.jpg;F;35
01719.jpg;F;36
01720.jpg;F;40
01721.jpg;F;32
01722.jpg;F;37
01723.jpg;F;42
01724.jpg;M;36
01725.jpg;F;31
01726.jpg;F;21
01727.jpg;F;40
01728.jpg;F;31
01729.jpg;F;32
01730.jpg;F;25
01731.jpg;F;22
01732.jpg;M;40
01733.jpg;F;23
01734.jpg;F;35
01735.jpg;M;24
01736.jpg;F;22
01737.jpg;F;23
01738.jpg;F;26
01739.jpg;M;39
01740.jpg;M;26
01741.jpg;F;37
01742.jpg;M;22
01743.jpg;M;24
01744.jpg;M;27
01745.jpg;M;42
01746.jpg;F;20
01747.jpg;F;27
01748.jpg;M;27
01749.jpg;M;32
01750.jpg;F;64
01751.jpg;F;20
01752.jpg;F;26
01753.jpg;F;22
01754.jpg;F;30
01755.jpg;F;21
01756.jpg;M;36
01757.jpg;M;36
01758.jpg;F;41
01759.jpg;F;37
01760.jpg;M;55
01761.jpg;F;39
01762.jpg;M;25
01763.jpg;F;21
01764.jpg;F;29
01765.jpg;F;36
01766.jpg;F;23
01767.jpg;F;37
01768.jpg;F;20
01769.jpg;F;43
01770.jpg;M;59
01771.jpg;F;32
01772.jpg;M;54
01773.jpg;F;41
01774.jpg;F;31
01775.jpg;F;23
01776.jpg;F;31
01777.jpg;F;25
01778.jpg;M;34
01779.jpg;M;21
01780.jpg;F;42
01781.jpg;M;33
01782.jpg;F;47
01783.jpg;M;23
01784.jpg;F;31
01785.jpg;F;34
01786.jpg;M;36
01787.jpg;F;30
01788.jpg;F;42
01789.jpg;M;25
01790.jpg;M;26
01791.jpg;M;26
01792.jpg;M;40
01793.jpg;F;27
01794.jpg;M;39
01795.jpg;F;40
01796.jpg;F;26
01797.jpg;F;54
01798.jpg;M;34
01799.jpg;F;36
01800.jpg;M;39
01801.jpg;F;30
01802.jpg;F;25
01803.jpg;M;30
01804.jpg;M;23
01805.jpg;F;25
01806.jpg;M;58
01807.jpg;F;37
01808.jpg;M;43
01809.jpg;M;37
01810.jpg;F;24
01811.jpg;F;36
01812.jpg;F;34
01813.jpg;F;38
01814.jpg;M;40
01815.jpg;F;24
01816.jpg;F;52
01817.jpg;M;38
01818.jpg;M;39
01819.jpg;F;24
01820.jpg;F;35
01821.jpg;F;37
01822.jpg;F;37
01823.jpg;M;36
01824.jpg;F;52
01825.jpg;F;43
01826.jpg;F;23
01827.jpg;F;24
01828.jpg;F;36
01829.jpg;F;26
01830.jpg;F;25
01831.jpg;F;68
01832.jpg;M;46
01833.jpg;F;38
01834.jpg;F;73
01835.jpg;M;22
01836.jpg;F;30
01837.jpg;F;35
01838.jpg;M;44
01839.jpg;F;34
01840.jpg;M;31
01841.jpg;F;42
01842.jpg;F;23
01843.jpg;F;20
01844.jpg;M;23
01845.jpg;F;34
01846.jpg;F;19
01847.jpg;M;59
01848.jpg;F;33
01849.jpg;F;39
01850.jpg;M;45
01851.jpg;F;40
01852.jpg;M;24
01853.jpg;M;39
01854.jpg;F;25
01855.jpg;M;33
01856.jpg;M;46
01857.jpg;F;56
01858.jpg;M;24
01859.jpg;M;50
01860.jpg;M;70
01861.jpg;M;32
01862.jpg;M;46
01863.jpg;M;49
01864.jpg;F;27
01865.jpg;M;32
01866.jpg;F;31
01867.jpg;M;41
01868.jpg;M;21
01869.jpg;M;37
01870.jpg;M;42
01871.jpg;M;38
01872.jpg;F;47
01873.jpg;F;38
01874.jpg;M;35
01875.jpg;F;46
01876.jpg;M;33
01877.jpg;F;26
01878.jpg;F;25
01879.jpg;M;56
01880.jpg;F;34
01881.jpg;F;26
01882.jpg;M;21
01883.jpg;M;19
01884.jpg;F;21
01885.jpg;M;40
01886.jpg;F;30
01887.jpg;M;50
01888.jpg;M;29
01889.jpg;F;26
01890.jpg;F;30
01891.jpg;F;33
01892.jpg;F;25
01893.jpg;M;38
01894.jpg;M;40
01895.jpg;M;79
01896.jpg;F;27
01897.jpg;F;27
01898.jpg;M;41
01899.jpg;F;34
01900.jpg;M;42
01901.jpg;F;52
01902.jpg;F;26
01903.jpg;F;42
01904.jpg;F;36
01905.jpg;M;76
01906.jpg;M;36
01907.jpg;M;37
01908.jpg;F;39
01909.jpg;F;27
01910.jpg;F;31
01911.jpg;F;35
01912.jpg;F;36
01913.jpg;F;23
01914.jpg;M;40
01915.jpg;M;32
01916.jpg;M;42
01917.jpg;F;39
01918.jpg;M;38
01919.jpg;F;41
01920.jpg;F;53
01921.jpg;M;33
01922.jpg;F;31
01923.jpg;F;26
01924.jpg;F;46
01925.jpg;F;48
01926.jpg;F;33
01927.jpg;F;22
01928.jpg;F;33
01929.jpg;F;65
01930.jpg;M;38
01931.jpg;M;65
01932.jpg;M;58
01933.jpg;F;42
01934.jpg;M;31
01935.jpg;F;36
01936.jpg;M;34
01937.jpg;M;21
01938.jpg;F;55
01939.jpg;F;26
01940.jpg;F;27
01941.jpg;M;38
01942.jpg;F;40
01943.jpg;M;36
01944.jpg;F;30
01945.jpg;F;21
01946.jpg;F;26
01947.jpg;F;43
01948.jpg;F;38
01949.jpg;F;61
01950.jpg;M;37
01951.jpg;M;53
01952.jpg;F;22
01953.jpg;F;21
01954.jpg;F;38
01955.jpg;M;29
01956.jpg;F;73
01957.jpg;M;32
01958.jpg;F;22
01959.jpg;M;36
01960.jpg;F;29
01961.jpg;M;23
01962.jpg;M;45
01963.jpg;F;46
01964.jpg;M;54
01965.jpg;F;20
01966.jpg;M;37
01967.jpg;M;37
01968.jpg;M;38
01969.jpg;M;37
01970.jpg;F;34
01971.jpg;F;38
01972.jpg;F;51
01973.jpg;F;20
01974.jpg;M;33
01975.jpg;F;34
01976.jpg;M;32
01977.jpg;F;28
01978.jpg;F;42
01979.jpg;M;35
01980.jpg;M;45
01981.jpg;M;40
01982.jpg;M;53
01983.jpg;F;48
01984.jpg;M;37
01985.jpg;M;30
01986.jpg;M;36
01987.jpg;F;34
01988.jpg;M;27
01989.jpg;F;55
01990.jpg;F;52
01991.jpg;M;22
01992.jpg;M;20
01993.jpg;F;23
01994.jpg;F;28
01995.jpg;F;32
01996.jpg;F;22
01997.jpg;F;32
01998.jpg;M;38
01999.jpg;M;27
02000.jpg;F;61
02001.jpg;M;51
02002.jpg;M;38
02003.jpg;F;23
02004.jpg;F;23
02005.jpg;F;39
02006.jpg;M;28
02007.jpg;M;21
02008.jpg;F;33
02009.jpg;M;36
02010.jpg;F;57
02011.jpg;F;33
02012.jpg;F;28
02013.jpg;F;50
02014.jpg;F;30
02015.jpg;F;26
02016.jpg;F;31
02017.jpg;F;38
02018.jpg;F;51
02019.jpg;F;55
02020.jpg;F;32
02021.jpg;F;37
02022.jpg;F;38
02023.jpg;F;41
02024.jpg;M;56
02025.jpg;M;57
02026.jpg;F;36
02027.jpg;F;48
02028.jpg;F;64
02029.jpg;M;40
02030.jpg;F;26
02031.jpg;M;22
02032.jpg;M;47
02033.jpg;F;29
02034.jpg;M;51
02035.jpg;F;28
02036.jpg;F;30
02037.jpg;F;47
02038.jpg;F;35
02039.jpg;F;49
02040.jpg;F;30
02041.jpg;F;22
02042.jpg;F;50
02043.jpg;M;51
02044.jpg;F;23
02045.jpg;F;36
02046.jpg;F;41
02047.jpg;F;33
02048.jpg;M;22
02049.jpg;F;27
02050.jpg;F;72
02051.jpg;M;40
02052.jpg;F;33
02053.jpg;F;61
02054.jpg;M;26
02055.jpg;F;47
02056.jpg;F;29
02057.jpg;M;34
02058.jpg;M;33
02059.jpg;F;51
02060.jpg;F;37
02061.jpg;F;47
02062.jpg;M;37
02063.jpg;F;47
02064.jpg;F;33
02065.jpg;M;37
02066.jpg;F;26
02067.jpg;M;29
02068.jpg;F;29
02069.jpg;M;36
02070.jpg;F;25
02071.jpg;F;31
02072.jpg;M;51
02073.jpg;F;27
02074.jpg;M;33
02075.jpg;F;45
02076.jpg;F;26
02077.jpg;F;72
02078.jpg;F;29
02079.jpg;F;35
02080.jpg;M;51
02081.jpg;F;20
02082.jpg;M;21
02083.jpg;M;22
02084.jpg;M;60
02085.jpg;M;22
02086.jpg;M;27
02087.jpg;M;22
02088.jpg;F;41
02089.jpg;F;34
02090.jpg;M;74
02091.jpg;M;20
02092.jpg;F;38
02093.jpg;M;21
02094.jpg;M;20
02095.jpg;F;37
02096.jpg;M;60
02097.jpg;F;23
02098.jpg;M;26
02099.jpg;F;33
02100.jpg;F;39
02101.jpg;F;34
02102.jpg;F;39
02103.jpg;F;35
02104.jpg;F;25
02105.jpg;M;36
02106.jpg;F;21
02107.jpg;F;42
02108.jpg;M;76
02109.jpg;M;49
02110.jpg;M;26
02111.jpg;F;39
02112.jpg;F;54
02113.jpg;M;21
02114.jpg;F;20
02115.jpg;M;36
02116.jpg;M;39
02117.jpg;F;67
02118.jpg;F;33
02119.jpg;F;39
02120.jpg;F;36
02121.jpg;F;36
02122.jpg;F;23
02123.jpg;M;38
02124.jpg;F;34
02125.jpg;M;36
02126.jpg;F;40
02127.jpg;M;33
02128.jpg;F;54
02129.jpg;F;22
02130.jpg;F;20
02131.jpg;M;30
02132.jpg;F;69
02133.jpg;F;39
02134.jpg;F;43
02135.jpg;M;44
02136.jpg;F;29
02137.jpg;F;70
02138.jpg;M;40
02139.jpg;F;37
02140.jpg;F;48
02141.jpg;F;41
02142.jpg;F;34
02143.jpg;F;26
02144.jpg;F;41
02145.jpg;F;28
02146.jpg;M;29
02147.jpg;F;57
02148.jpg;M;58
02149.jpg;F;45
02150.jpg;F;32
02151.jpg;F;27
02152.jpg;F;44
02153.jpg;F;23
02154.jpg;F;39
02155.jpg;M;31
02156.jpg;M;36
02157.jpg;M;36
02158.jpg;F;41
02159.jpg;M;46
02160.jpg;F;48
02161.jpg;M;25
02162.jpg;M;37
02163.jpg;F;52
02164.jpg;F;39
02165.jpg;F;45
02166.jpg;M;53
02167.jpg;F;30
02168.jpg;M;46
02169.jpg;F;50
02170.jpg;F;51
02171.jpg;F;33
02172.jpg;F;40
02173.jpg;F;45
02174.jpg;F;55
02175.jpg;F;25
02176.jpg;M;24
02177.jpg;F;72
02178.jpg;F;42
02179.jpg;M;52
02180.jpg;F;33
02181.jpg;F;31
02182.jpg;F;44
02183.jpg;F;59
02184.jpg;F;35
02185.jpg;M;63
02186.jpg;F;29
02187.jpg;M;23
02188.jpg;F;59
02189.jpg;F;38
02190.jpg;M;45
02191.jpg;M;51
02192.jpg;M;48
02193.jpg;F;36
02194.jpg;F;24
02195.jpg;F;53
02196.jpg;M;73
02197.jpg;F;82
02198.jpg;F;33
02199.jpg;F;30
02200.jpg;F;33
02201.jpg;F;35
02202.jpg;F;75
02203.jpg;F;21
02204.jpg;F;32
02205.jpg;M;20
02206.jpg;F;51
02207.jpg;F;32
02208.jpg;M;36
02209.jpg;F;19
02210.jpg;M;50
02211.jpg;F;34
02212.jpg;M;33
02213.jpg;F;46
02214.jpg;M;46
02215.jpg;F;25
02216.jpg;M;43
02217.jpg;F;31
02218.jpg;F;63
02219.jpg;F;55
02220.jpg;M;43
02221.jpg;F;43
02222.jpg;F;28
02223.jpg;F;20
02224.jpg;M;34
02225.jpg;M;38
02226.jpg;F;53
02227.jpg;M;37
02228.jpg;F;36
02229.jpg;F;34
02230.jpg;F;47
02231.jpg;M;69
02232.jpg;M;29
02233.jpg;F;35
02234.jpg;M;28
02235.jpg;M;33
02236.jpg;M;32
02237.jpg;M;27
02238.jpg;M;29
02239.jpg;F;21
02240.jpg;F;24
02241.jpg;F;24
02242.jpg;M;24
02243.jpg;F;57
02244.jpg;F;27
02245.jpg;F;33
02246.jpg;M;46
02247.jpg;F;32
02248.jpg;M;48
02249.jpg;F;35
02250.jpg;F;23
02251.jpg;M;50
02252.jpg;M;25
02253.jpg;M;33
02254.jpg;M;48
02255.jpg;M;34
02256.jpg;F;44
02257.jpg;F;21
02258.jpg;M;28
02259.jpg;F;54
02260.jpg;F;54
02261.jpg;F;35
02262.jpg;F;50
02263.jpg;M;26
02264.jpg;F;38
02265.jpg;F;20
02266.jpg;F;58
02267.jpg;F;54
02268.jpg;F;20
02269.jpg;F;34
02270.jpg;M;37
02271.jpg;M;42
02272.jpg;F;55
02273.jpg;M;27
02274.jpg;F;39
02275.jpg;F;59
02276.jpg;F;35
02277.jpg;M;41
02278.jpg;F;37
02279.jpg;M;22
02280.jpg;F;30
02281.jpg;F;27
02282.jpg;F;34
02283.jpg;F;23
02284.jpg;F;19
02285.jpg;F;42
02286.jpg;F;31
02287.jpg;F;26
02288.jpg;M;58
02289.jpg;M;43
02290.jpg;F;29
02291.jpg;M;28
02292.jpg;F;31
02293.jpg;M;46
02294.jpg;F;38
02295.jpg;F;46
02296.jpg;F;32
02297.jpg;F;42
02298.jpg;F;44
02299.jpg;F;23
02300.jpg;M;21
02301.jpg;F;46
02302.jpg;F;26
02303.jpg;M;36
02304.jpg;M;26
02305.jpg;F;27
02306.jpg;F;26
02307.jpg;M;27
02308.jpg;M;25
02309.jpg;M;43
02310.jpg;F;45
02311.jpg;F;39
02312.jpg;M;40
02313.jpg;F;19
02314.jpg;M;30
02315.jpg;F;34
02316.jpg;F;37
02317.jpg;F;65
02318.jpg;F;36
02319.jpg;M;48
02320.jpg;M;40
02321.jpg;F;46
02322.jpg;M;49
02323.jpg;F;20
02324.jpg;F;45
02325.jpg;M;23
02326.jpg;M;45
02327.jpg;M;32
02328.jpg;M;35
02329.jpg;M;41
02330.jpg;F;43
02331.jpg;M;26
02332.jpg;F;47
02333.jpg;M;29
02334.jpg;F;51
02335.jpg;M;30
02336.jpg;F;60
02337.jpg;F;25
02338.jpg;M;35
02339.jpg;F;36
02340.jpg;F;52
02341.jpg;M;37
02342.jpg;M;60
02343.jpg;F;28
02344.jpg;F;20
02345.jpg;F;55
02346.jpg;F;20
02347.jpg;F;21
02348.jpg;M;34
02349.jpg;F;27
02350.jpg;F;44
02351.jpg;M;40
02352.jpg;F;29
02353.jpg;F;32
02354.jpg;M;33
02355.jpg;M;36
02356.jpg;M;57
02357.jpg;F;26
02358.jpg;F;39
02359.jpg;F;29
02360.jpg;M;33
02361.jpg;F;34
02362.jpg;F;53
02363.jpg;F;21
02364.jpg;M;39
02365.jpg;M;42
02366.jpg;F;37
02367.jpg;F;55
02368.jpg;F;29
02369.jpg;M;31
02370.jpg;M;27
02371.jpg;M;41
02372.jpg;F;59
02373.jpg;M;52
02374.jpg;F;41
02375.jpg;F;24
02376.jpg;F;32
02377.jpg;F;54
02378.jpg;F;53
02379.jpg;M;22
02380.jpg;F;24
02381.jpg;F;52
02382.jpg;F;31
02383.jpg;F;44
02384.jpg;F;22
02385.jpg;F;28
02386.jpg;F;58
02387.jpg;F;33
02388.jpg;F;29
02389.jpg;F;30
02390.jpg;M;41
02391.jpg;F;28
02392.jpg;M;34
02393.jpg;F;38
02394.jpg;M;55
02395.jpg;F;28
02396.jpg;F;32
02397.jpg;M;37
02398.jpg;F;29
02399.jpg;M;23
02400.jpg;M;62
02401.jpg;M;67
02402.jpg;F;30
02403.jpg;M;43
02404.jpg;F;26
02405.jpg;F;26
02406.jpg;M;55
02407.jpg;F;58
02408.jpg;F;35
02409.jpg;F;56
02410.jpg;F;50
02411.jpg;F;31
02412.jpg;F;24
02413.jpg;F;58
02414.jpg;F;41
02415.jpg;F;41
02416.jpg;M;24
02417.jpg;F;34
02418.jpg;M;32
02419.jpg;F;24
02420.jpg;F;32
02421.jpg;M;62
02422.jpg;F;26
02423.jpg;M;40
02424.jpg;F;58
02425.jpg;F;71
02426.jpg;F;32
02427.jpg;M;25
02428.jpg;F;52
02429.jpg;F;29
02430.jpg;M;32
02431.jpg;M;20
02432.jpg;M;53
02433.jpg;F;54
02434.jpg;M;41
02435.jpg;F;27
02436.jpg;F;30
02437.jpg;F;30
02438.jpg;M;48
02439.jpg;F;32
02440.jpg;M;31
02441.jpg;M;49
02442.jpg;M;37
02443.jpg;F;55
02444.jpg;M;20
02445.jpg;M;26
02446.jpg;M;26
02447.jpg;F;24
02448.jpg;M;41
02449.jpg;M;20
02450.jpg;F;27
02451.jpg;F;28
02452.jpg;M;27
02453.jpg;F;40
02454.jpg;F;41
02455.jpg;F;22
02456.jpg;M;41
02457.jpg;F;23
02458.jpg;F;25
02459.jpg;F;26
02460.jpg;F;27
02461.jpg;F;40
02462.jpg;F;29
02463.jpg;M;53
02464.jpg;M;43
02465.jpg;F;33
02466.jpg;F;39
02467.jpg;F;57
02468.jpg;M;41
02469.jpg;M;55
02470.jpg;F;21
02471.jpg;M;29
02472.jpg;M;51
02473.jpg;M;21
02474.jpg;F;41
02475.jpg;F;51
02476.jpg;F;56
02477.jpg;M;28
02478.jpg;M;29
02479.jpg;F;52
02480.jpg;M;45
02481.jpg;F;43
02482.jpg;F;22
02483.jpg;F;56
02484.jpg;M;26
02485.jpg;F;26
02486.jpg;F;30
02487.jpg;F;27
02488.jpg;F;20
02489.jpg;M;32
02490.jpg;F;31
02491.jpg;F;34
02492.jpg;M;32
02493.jpg;M;61
02494.jpg;M;25
02495.jpg;M;51
02496.jpg;M;41
02497.jpg;F;57
02498.jpg;F;55
02499.jpg;M;37
02500.jpg;M;40
02501.jpg;F;53
02502.jpg;F;21
02503.jpg;F;20
02504.jpg;F;54
02505.jpg;F;29
02506.jpg;F;32
02507.jpg;F;25
02508.jpg;F;59
02509.jpg;F;63
02510.jpg;F;35
02511.jpg;F;21
02512.jpg;M;39
02513.jpg;F;52
02514.jpg;F;61
02515.jpg;F;30
02516.jpg;F;51
02517.jpg;M;56
02518.jpg;M;26
02519.jpg;M;20
02520.jpg;F;26
02521.jpg;F;20
02522.jpg;M;27
02523.jpg;F;54
02524.jpg;F;57
02525.jpg;F;30
02526.jpg;F;67
02527.jpg;M;63
02528.jpg;F;24
02529.jpg;M;59
02530.jpg;M;32
02531.jpg;F;53
02532.jpg;F;21
02533.jpg;F;29
02534.jpg;M;24
02535.jpg;F;48
02536.jpg;F;44
02537.jpg;F;25
02538.jpg;M;38
02539.jpg;M;33
02540.jpg;F;55
02541.jpg;F;24
02542.jpg;M;32
02543.jpg;M;58
02544.jpg;M;64
02545.jpg;F;58
02546.jpg;M;52
02547.jpg;M;54
02548.jpg;M;53
02549.jpg;M;39
02550.jpg;F;32
02551.jpg;M;31
02552.jpg;F;52
02553.jpg;F;21
02554.jpg;M;24
02555.jpg;M;67
02556.jpg;M;28
02557.jpg;M;20
02558.jpg;F;28
02559.jpg;M;36
02560.jpg;F;35
02561.jpg;F;23
02562.jpg;F;49
02563.jpg;M;68
02564.jpg;F;28
02565.jpg;M;38
02566.jpg;M;29
02567.jpg;F;32
02568.jpg;F;62
02569.jpg;M;57
02570.jpg;M;36
02571.jpg;M;33
02572.jpg;F;27
02573.jpg;M;29
02574.jpg;M;28
02575.jpg;M;28
02576.jpg;F;23
02577.jpg;F;31
02578.jpg;F;41
02579.jpg;F;45
02580.jpg;F;29
02581.jpg;M;44
02582.jpg;M;58
02583.jpg;F;53
02584.jpg;M;57
02585.jpg;M;27
02586.jpg;F;29
02587.jpg;M;27
02588.jpg;F;24
02589.jpg;F;34
02590.jpg;M;62
02591.jpg;M;55
02592.jpg;F;33
02593.jpg;F;24
02594.jpg;F;22
02595.jpg;F;26
02596.jpg;M;27
02597.jpg;F;49
02598.jpg;M;29
02599.jpg;F;19
02600.jpg;M;22
02601.jpg;F;23
02602.jpg;F;48
02603.jpg;F;22
02604.jpg;F;22
02605.jpg;F;36
02606.jpg;F;42
02607.jpg;F;24
02608.jpg;F;54
02609.jpg;M;47
02610.jpg;F;52
02611.jpg;M;23
02612.jpg;F;60
02613.jpg;M;56
02614.jpg;M;50
02615.jpg;F;31
02616.jpg;M;45
02617.jpg;F;27
02618.jpg;M;58
02619.jpg;F;27
02620.jpg;F;39
02621.jpg;M;28
02622.jpg;F;30
02623.jpg;F;28
02624.jpg;F;42
02625.jpg;F;65
02626.jpg;F;23
02627.jpg;F;60
02628.jpg;M;38
02629.jpg;M;40
02630.jpg;F;25
02631.jpg;F;29
02632.jpg;M;57
02633.jpg;F;27
02634.jpg;M;26
02635.jpg;M;64
02636.jpg;F;56
02637.jpg;M;35
02638.jpg;F;24
02639.jpg;F;38
02640.jpg;F;59
02641.jpg;M;39
02642.jpg;M;43
02643.jpg;F;42
02644.jpg;F;36
02645.jpg;F;56
02646.jpg;F;37
02647.jpg;F;22
02648.jpg;F;30
02649.jpg;M;36
02650.jpg;M;61
02651.jpg;M;31
02652.jpg;M;52
02653.jpg;M;21
02654.jpg;M;39
02655.jpg;F;38
02656.jpg;F;53
02657.jpg;F;30
02658.jpg;F;25
02659.jpg;F;22
02660.jpg;M;23
02661.jpg;F;26
02662.jpg;M;61
02663.jpg;F;32
02664.jpg;F;42
02665.jpg;M;41
02666.jpg;M;55
02667.jpg;M;25
02668.jpg;F;40
02669.jpg;M;36
02670.jpg;F;24
02671.jpg;F;26
02672.jpg;F;36
02673.jpg;M;47
02674.jpg;F;52
02675.jpg;F;28
02676.jpg;M;49
02677.jpg;F;49
02678.jpg;F;26
02679.jpg;M;63
02680.jpg;F;37
02681.jpg;M;73
02682.jpg;F;23
02683.jpg;F;37
02684.jpg;F;21
02685.jpg;M;60
02686.jpg;F;19
02687.jpg;M;29
02688.jpg;F;32
02689.jpg;M;41
02690.jpg;F;25
02691.jpg;M;45
02692.jpg;F;61
02693.jpg;M;34
02694.jpg;M;38
02695.jpg;M;34
02696.jpg;F;29
02697.jpg;M;61
02698.jpg;M;59
02699.jpg;M;73
02700.jpg;F;57
02701.jpg;M;50
02702.jpg;F;30
02703.jpg;F;33
02704.jpg;F;35
02705.jpg;F;38
02706.jpg;F;31
02707.jpg;M;31
02708.jpg;M;59
02709.jpg;M;45
02710.jpg;M;59
02711.jpg;F;25
02712.jpg;F;41
02713.jpg;F;51
02714.jpg;F;38
02715.jpg;F;61
02716.jpg;F;25
02717.jpg;F;37
02718.jpg;M;31
02719.jpg;M;35
02720.jpg;M;49
02721.jpg;F;23
02722.jpg;F;52
02723.jpg;F;32
02724.jpg;F;21
02725.jpg;F;34
02726.jpg;M;20
02727.jpg;F;55
02728.jpg;F;19
02729.jpg;F;24
02730.jpg;F;59
02731.jpg;F;61
02732.jpg;M;39
02733.jpg;M;29
02734.jpg;M;56
02735.jpg;F;22
02736.jpg;F;34
02737.jpg;M;30
02738.jpg;F;57
02739.jpg;F;58
02740.jpg;M;27
02741.jpg;F;58
02742.jpg;F;46
02743.jpg;F;60
02744.jpg;M;25
02745.jpg;M;29
02746.jpg;M;36
02747.jpg;M;64
02748.jpg;F;36
02749.jpg;M;52
02750.jpg;F;40
02751.jpg;F;22
02752.jpg;F;45
02753.jpg;M;43
02754.jpg;M;54
02755.jpg;F;22
02756.jpg;F;41
02757.jpg;M;56
02758.jpg;M;57
02759.jpg;M;29
02760.jpg;F;21
02761.jpg;F;33
02762.jpg;M;60
02763.jpg;F;42
02764.jpg;M;23
02765.jpg;F;42
02766.jpg;F;27
02767.jpg;M;41
02768.jpg;F;53
02769.jpg;M;59
02770.jpg;F;30
02771.jpg;M;29
02772.jpg;M;58
02773.jpg;M;39
02774.jpg;F;61
02775.jpg;M;32
02776.jpg;F;41
02777.jpg;F;38
02778.jpg;F;64
02779.jpg;F;28
02780.jpg;M;61
02781.jpg;M;50
02782.jpg;F;37
02783.jpg;M;28
02784.jpg;F;44
02785.jpg;F;51
02786.jpg;M;36
02787.jpg;F;48
02788.jpg;F;44
02789.jpg;F;49
02790.jpg;F;29
02791.jpg;F;58
02792.jpg;F;57
02793.jpg;F;26
02794.jpg;F;21
02795.jpg;F;28
02796.jpg;F;21
02797.jpg;F;20
02798.jpg;M;27
02799.jpg;M;43
02800.jpg;F;37
02801.jpg;M;28
02802.jpg;F;28
02803.jpg;M;21
02804.jpg;F;55
02805.jpg;F;50
02806.jpg;M;37
02807.jpg;M;41
02808.jpg;M;29
02809.jpg;M;39
02810.jpg;F;28
02811.jpg;F;32
02812.jpg;F;35
02813.jpg;M;26
02814.jpg;F;57
02815.jpg;M;51
02816.jpg;F;54
02817.jpg;F;35
02818.jpg;M;25
02819.jpg;F;19
02820.jpg;F;43
02821.jpg;M;26
02822.jpg;F;61
02823.jpg;M;54
02824.jpg;F;47
02825.jpg;F;56
02826.jpg;F;61
02827.jpg;M;37
02828.jpg;F;20
02829.jpg;M;26
02830.jpg;F;29
02831.jpg;F;37
02832.jpg;M;39
02833.jpg;M;61
02834.jpg;F;56
02835.jpg;M;33
02836.jpg;F;51
02837.jpg;F;27
02838.jpg;F;22
02839.jpg;F;37
02840.jpg;F;27
02841.jpg;M;35
02842.jpg;M;27
02843.jpg;M;38
02844.jpg;F;25
02845.jpg;F;53
02846.jpg;M;32
02847.jpg;M;48
02848.jpg;F;19
02849.jpg;M;35
02850.jpg;M;41
02851.jpg;M;73
02852.jpg;F;33
02853.jpg;F;35
02854.jpg;F;39
02855.jpg;M;24
02856.jpg;F;45
02857.jpg;M;40
02858.jpg;F;62
02859.jpg;M;25
02860.jpg;M;37
02861.jpg;M;59
02862.jpg;M;72
02863.jpg;F;51
02864.jpg;F;51
02865.jpg;F;42
02866.jpg;M;45
02867.jpg;M;24
02868.jpg;M;38
02869.jpg;F;31
02870.jpg;F;34
02871.jpg;F;50
02872.jpg;F;32
02873.jpg;F;59
02874.jpg;F;63
02875.jpg;M;53
02876.jpg;F;31
02877.jpg;F;57
02878.jpg;M;58
02879.jpg;M;69
02880.jpg;M;46
02881.jpg;F;26
02882.jpg;F;30
02883.jpg;F;25
02884.jpg;M;57
02885.jpg;M;75
02886.jpg;F;52
02887.jpg;M;29
02888.jpg;F;56
02889.jpg;F;26
02890.jpg;M;40
02891.jpg;F;26
02892.jpg;F;38
02893.jpg;F;30
02894.jpg;F;22
02895.jpg;F;27
02896.jpg;F;49
02897.jpg;M;58
02898.jpg;F;25
02899.jpg;F;39
02900.jpg;F;27
02901.jpg;M;50
02902.jpg;F;22
02903.jpg;F;32
02904.jpg;M;27
02905.jpg;M;27
02906.jpg;F;33
02907.jpg;M;27
02908.jpg;M;26
02909.jpg;F;56
02910.jpg;M;38
02911.jpg;F;43
02912.jpg;F;30
02913.jpg;F;37
02914.jpg;M;31
02915.jpg;M;54
02916.jpg;M;43
02917.jpg;F;27
02918.jpg;F;56
02919.jpg;F;31
02920.jpg;F;42
02921.jpg;F;31
02922.jpg;F;21
02923.jpg;F;31
02924.jpg;F;32
02925.jpg;F;42
02926.jpg;F;33
02927.jpg;F;21
02928.jpg;F;49
02929.jpg;F;51
02930.jpg;M;29
02931.jpg;F;30
02932.jpg;M;40
02933.jpg;M;25
02934.jpg;F;39
02935.jpg;F;61
02936.jpg;M;58
02937.jpg;M;55
02938.jpg;M;39
02939.jpg;M;74
02940.jpg;F;65
02941.jpg;M;40
02942.jpg;M;55
02943.jpg;M;33
02944.jpg;F;31
02945.jpg;M;61
02946.jpg;F;23
02947.jpg;M;27
02948.jpg;F;23
02949.jpg;M;31
02950.jpg;F;26
02951.jpg;M;38
02952.jpg;M;37
02953.jpg;M;47
02954.jpg;M;38
02955.jpg;F;44
02956.jpg;M;25
02957.jpg;F;28
02958.jpg;F;31
02959.jpg;M;39
02960.jpg;M;27
02961.jpg;M;39
02962.jpg;M;29
02963.jpg;M;34
02964.jpg;M;23
02965.jpg;M;38
02966.jpg;F;28
02967.jpg;F;29
02968.jpg;M;22
02969.jpg;F;50
02970.jpg;M;64
02971.jpg;M;60
02972.jpg;F;33
02973.jpg;M;28
02974.jpg;F;38
02975.jpg;F;22
02976.jpg;F;40
02977.jpg;F;30
02978.jpg;F;58
02979.jpg;M;57
02980.jpg;M;30
02981.jpg;F;35
02982.jpg;M;41
02983.jpg;F;44
02984.jpg;M;28
02985.jpg;F;29
02986.jpg;M;34
02987.jpg;F;29
02988.jpg;M;22
02989.jpg;M;59
02990.jpg;F;35
02991.jpg;F;31
02992.jpg;F;60
02993.jpg;M;25
02994.jpg;M;31
02995.jpg;F;50
02996.jpg;F;24
02997.jpg;M;21
02998.jpg;M;29
02999.jpg;F;23
03000.jpg;F;37
03001.jpg;F;44
03002.jpg;F;24
03003.jpg;F;37
03004.jpg;M;45
03005.jpg;F;37
03006.jpg;F;62
03007.jpg;M;55
03008.jpg;F;37
03009.jpg;M;38
03010.jpg;M;23
03011.jpg;M;44
03012.jpg;F;41
03013.jpg;F;27
03014.jpg;F;28
03015.jpg;M;21
03016.jpg;F;23
03017.jpg;M;39
03018.jpg;M;24
03019.jpg;F;28
03020.jpg;F;25
03021.jpg;M;33
03022.jpg;F;61
03023.jpg;M;35
03024.jpg;F;36
03025.jpg;F;42
03026.jpg;M;30
03027.jpg;F;27
03028.jpg;M;47
03029.jpg;M;50
03030.jpg;F;25
03031.jpg;F;60
03032.jpg;F;36
03033.jpg;M;67
03034.jpg;F;35
03035.jpg;F;40
03036.jpg;M;67
03037.jpg;F;44
03038.jpg;F;23
03039.jpg;F;31
03040.jpg;M;58
03041.jpg;M;54
03042.jpg;F;35
03043.jpg;F;39
03044.jpg;M;28
03045.jpg;F;46
03046.jpg;F;32
03047.jpg;F;39
03048.jpg;F;32
03049.jpg;M;63
03050.jpg;F;30
03051.jpg;M;23
03052.jpg;M;39
03053.jpg;M;20
03054.jpg;F;38
03055.jpg;F;43
03056.jpg;F;24
03057.jpg;F;29
03058.jpg;M;30
03059.jpg;F;36
03060.jpg;M;29
03061.jpg;F;40
03062.jpg;M;43
03063.jpg;F;38
03064.jpg;M;21
03065.jpg;F;40
03066.jpg;F;43
03067.jpg;F;42
03068.jpg;M;33
03069.jpg;F;24
03070.jpg;F;26
03071.jpg;M;61
03072.jpg;F;48
03073.jpg;F;28
03074.jpg;F;23
03075.jpg;F;25
03076.jpg;M;31
03077.jpg;M;38
03078.jpg;F;26
03079.jpg;F;39
03080.jpg;F;34
03081.jpg;M;28
03082.jpg;F;38
03083.jpg;M;44
03084.jpg;F;55
03085.jpg;F;42
03086.jpg;M;24
03087.jpg;F;42
03088.jpg;F;26
03089.jpg;F;71
03090.jpg;F;39
03091.jpg;M;30
03092.jpg;F;41
03093.jpg;F;40
03094.jpg;F;33
03095.jpg;M;24
03096.jpg;F;38
03097.jpg;F;22
03098.jpg;F;25
03099.jpg;M;48
03100.jpg;M;21
03101.jpg;M;60
03102.jpg;F;26
03103.jpg;F;34
03104.jpg;F;29
03105.jpg;M;25
03106.jpg;F;45
03107.jpg;F;31
03108.jpg;F;25
03109.jpg;F;61
03110.jpg;F;30
03111.jpg;M;42
03112.jpg;M;31
03113.jpg;F;47
03114.jpg;F;27
03115.jpg;F;52
03116.jpg;F;33
03117.jpg;F;37
03118.jpg;F;35
03119.jpg;M;30
03120.jpg;F;61
03121.jpg;F;21
03122.jpg;F;66
03123.jpg;F;27
03124.jpg;F;24
03125.jpg;M;40
03126.jpg;F;37
03127.jpg;F;37
03128.jpg;F;23
03129.jpg;M;32
03130.jpg;F;36
03131.jpg;M;37
03132.jpg;F;39
03133.jpg;M;51
03134.jpg;M;44
03135.jpg;M;43
03136.jpg;F;23
03137.jpg;F;30
03138.jpg;F;40
03139.jpg;F;32
03140.jpg;F;23
03141.jpg;F;39
03142.jpg;F;21
03143.jpg;F;22
03144.jpg;F;48
03145.jpg;F;53
03146.jpg;F;22
03147.jpg;M;36
03148.jpg;F;38
03149.jpg;M;46
03150.jpg;F;19
03151.jpg;F;52
03152.jpg;F;54
03153.jpg;M;32
03154.jpg;F;49
03155.jpg;M;36
03156.jpg;M;36
03157.jpg;M;68
03158.jpg;M;61
03159.jpg;M;46
03160.jpg;M;40
03161.jpg;M;38
03162.jpg;F;39
03163.jpg;M;49
03164.jpg;F;34
03165.jpg;M;22
03166.jpg;F;44
03167.jpg;F;25
03168.jpg;F;47
03169.jpg;M;48
03170.jpg;F;53
03171.jpg;F;31
03172.jpg;F;31
03173.jpg;F;30
03174.jpg;M;26
03175.jpg;F;54
03176.jpg;F;24
03177.jpg;F;27
03178.jpg;F;36
03179.jpg;M;28
03180.jpg;M;41
03181.jpg;M;46
03182.jpg;F;26
03183.jpg;F;45
03184.jpg;F;29
03185.jpg;M;61
03186.jpg;M;79
03187.jpg;F;58
03188.jpg;M;21
03189.jpg;F;28
03190.jpg;F;42
03191.jpg;F;33
03192.jpg;F;26
03193.jpg;M;69
03194.jpg;F;22
03195.jpg;M;24
03196.jpg;F;30
03197.jpg;F;43
03198.jpg;F;55
03199.jpg;M;34
03200.jpg;M;33
03201.jpg;M;67
03202.jpg;M;78
03203.jpg;F;33
03204.jpg;F;41
03205.jpg;F;57
03206.jpg;F;33
03207.jpg;M;50
03208.jpg;F;65
03209.jpg;F;30
03210.jpg;F;30
03211.jpg;F;49
03212.jpg;M;22
03213.jpg;M;61
03214.jpg;F;58
03215.jpg;F;57
03216.jpg;F;26
03217.jpg;F;61
03218.jpg;M;23
03219.jpg;M;27
03220.jpg;M;39
03221.jpg;F;29
03222.jpg;M;23
03223.jpg;M;25
03224.jpg;F;39
03225.jpg;F;38
03226.jpg;M;33
03227.jpg;F;54
03228.jpg;M;27
03229.jpg;M;34
03230.jpg;M;32
03231.jpg;M;63
03232.jpg;F;21
03233.jpg;F;34
03234.jpg;M;29
03235.jpg;F;28
03236.jpg;M;21
03237.jpg;F;31
03238.jpg;F;46
03239.jpg;M;35
03240.jpg;F;47
03241.jpg;F;54
03242.jpg;M;45
03243.jpg;F;47
03244.jpg;M;29
03245.jpg;F;43
03246.jpg;M;34
03247.jpg;M;54
03248.jpg;M;43
03249.jpg;F;38
03250.jpg;F;33
03251.jpg;F;40
03252.jpg;M;45
03253.jpg;F;38
03254.jpg;F;23
03255.jpg;F;42
03256.jpg;F;53
03257.jpg;F;34
03258.jpg;F;46
03259.jpg;M;25
03260.jpg;M;48
03261.jpg;M;31
03262.jpg;F;26
03263.jpg;F;38
03264.jpg;M;22
03265.jpg;M;29
03266.jpg;F;28
03267.jpg;F;74
03268.jpg;F;31
03269.jpg;F;33
03270.jpg;F;20
03271.jpg;M;36
03272.jpg;F;39
03273.jpg;F;31
03274.jpg;F;30
03275.jpg;F;42
03276.jpg;F;53
03277.jpg;M;24
03278.jpg;F;24
03279.jpg;F;42
03280.jpg;F;20
03281.jpg;M;26
03282.jpg;F;38
03283.jpg;F;45
03284.jpg;M;26
03285.jpg;M;24
03286.jpg;M;60
03287.jpg;F;61
03288.jpg;M;42
03289.jpg;M;35
03290.jpg;M;32
03291.jpg;M;25
03292.jpg;F;19
03293.jpg;F;28
03294.jpg;F;42
03295.jpg;F;49
03296.jpg;M;26
03297.jpg;F;41
03298.jpg;F;28
03299.jpg;F;31
03300.jpg;F;25
03301.jpg;M;44
03302.jpg;M;25
03303.jpg;M;58
03304.jpg;M;47
03305.jpg;F;46
03306.jpg;M;45
03307.jpg;M;41
03308.jpg;F;22
03309.jpg;M;24
03310.jpg;M;51
03311.jpg;M;33
03312.jpg;M;26
03313.jpg;F;25
03314.jpg;F;25
03315.jpg;M;57
03316.jpg;M;23
03317.jpg;F;34
03318.jpg;M;30
03319.jpg;M;26
03320.jpg;F;25
03321.jpg;F;60
03322.jpg;F;27
03323.jpg;F;42
03324.jpg;F;31
03325.jpg;M;22
03326.jpg;F;41
03327.jpg;M;28
03328.jpg;F;39
03329.jpg;F;29
03330.jpg;M;19
03331.jpg;F;20
03332.jpg;M;29
03333.jpg;F;27
03334.jpg;F;23
03335.jpg;M;37
03336.jpg;M;36
03337.jpg;F;26
03338.jpg;F;27
03339.jpg;F;52
03340.jpg;F;31
03341.jpg;F;27
03342.jpg;F;30
03343.jpg;F;33
03344.jpg;M;61
03345.jpg;F;52
03346.jpg;F;63
03347.jpg;F;42
03348.jpg;M;53
03349.jpg;M;36
03350.jpg;F;32
03351.jpg;F;59
03352.jpg;M;25
03353.jpg;F;32
03354.jpg;F;40
03355.jpg;F;37
03356.jpg;M;48
03357.jpg;M;23
03358.jpg;F;46
03359.jpg;M;31
03360.jpg;M;47
03361.jpg;F;33
03362.jpg;M;34
03363.jpg;F;38
03364.jpg;F;46
03365.jpg;F;30
03366.jpg;F;23
03367.jpg;M;31
03368.jpg;M;47
03369.jpg;F;44
03370.jpg;M;53
03371.jpg;M;21
03372.jpg;M;25
03373.jpg;M;29
03374.jpg;F;25
03375.jpg;F;27
03376.jpg;M;35
03377.jpg;F;23
03378.jpg;F;35
03379.jpg;F;53
03380.jpg;M;21
03381.jpg;M;22
03382.jpg;F;37
03383.jpg;F;20
03384.jpg;M;46
03385.jpg;M;24
03386.jpg;M;25
03387.jpg;M;31
03388.jpg;M;55
03389.jpg;M;24
03390.jpg;F;22
03391.jpg;F;27
03392.jpg;F;22
03393.jpg;F;38
03394.jpg;F;41
03395.jpg;F;30
03396.jpg;F;26
03397.jpg;F;28
03398.jpg;M;26
03399.jpg;F;22
03400.jpg;F;29
03401.jpg;F;42
03402.jpg;F;25
03403.jpg;M;24
03404.jpg;M;28
03405.jpg;F;40
03406.jpg;M;32
03407.jpg;M;31
03408.jpg;M;25
03409.jpg;F;76
03410.jpg;M;60
03411.jpg;F;74
03412.jpg;F;32
03413.jpg;M;71
03414.jpg;F;68
03415.jpg;F;26
03416.jpg;F;40
03417.jpg;F;52
03418.jpg;M;57
03419.jpg;M;45
03420.jpg;F;37
03421.jpg;M;44
03422.jpg;M;31
03423.jpg;M;32
03424.jpg;F;45
03425.jpg;F;64
03426.jpg;F;46
03427.jpg;M;67
03428.jpg;F;40
03429.jpg;F;35
03430.jpg;F;39
03431.jpg;M;26
03432.jpg;F;34
03433.jpg;M;22
03434.jpg;F;26
03435.jpg;F;68
03436.jpg;F;37
03437.jpg;F;51
03438.jpg;F;57
03439.jpg;F;23
03440.jpg;F;37
03441.jpg;M;45
03442.jpg;M;32
03443.jpg;F;42
03444.jpg;F;19
03445.jpg;F;33
03446.jpg;M;22
03447.jpg;F;55
03448.jpg;F;28
03449.jpg;F;26
03450.jpg;F;26
03451.jpg;M;46
03452.jpg;M;61
03453.jpg;M;27
03454.jpg;F;43
03455.jpg;M;38
03456.jpg;M;45
03457.jpg;F;25
03458.jpg;M;42
03459.jpg;F;46
03460.jpg;M;45
03461.jpg;;66
03462.jpg;M;50
03463.jpg;M;47
03464.jpg;M;41
03465.jpg;M;24
03466.jpg;F;31
03467.jpg;F;50
03468.jpg;F;20
03469.jpg;F;50
03470.jpg;M;34
03471.jpg;F;38
03472.jpg;F;53
03473.jpg;F;38
03474.jpg;F;27
03475.jpg;F;34
03476.jpg;M;19
03477.jpg;M;35
03478.jpg;M;34
03479.jpg;F;54
03480.jpg;M;48
03481.jpg;F;35
03482.jpg;F;32
03483.jpg;F;23
03484.jpg;F;50
03485.jpg;F;45
03486.jpg;M;55
03487.jpg;F;27
03488.jpg;F;27
03489.jpg;F;53
03490.jpg;M;62
03491.jpg;M;32
03492.jpg;F;26
03493.jpg;M;51
03494.jpg;F;55
03495.jpg;F;41
03496.jpg;F;77
03497.jpg;M;51
03498.jpg;M;32
03499.jpg;M;46
03500.jpg;F;50
03501.jpg;M;59
03502.jpg;M;28
03503.jpg;M;31
03504.jpg;M;24
03505.jpg;F;23
03506.jpg;F;23
03507.jpg;F;20
03508.jpg;F;20
03509.jpg;M;40
03510.jpg;F;20
03511.jpg;M;58
03512.jpg;F;34
03513.jpg;M;20
03514.jpg;M;42
03515.jpg;M;20
03516.jpg;F;31
03517.jpg;M;23
03518.jpg;F;42
03519.jpg;M;29
03520.jpg;M;33
03521.jpg;F;26
03522.jpg;M;29
03523.jpg;M;32
03524.jpg;F;58
03525.jpg;F;49
03526.jpg;M;31
03527.jpg;M;29
03528.jpg;F;36
03529.jpg;M;33
03530.jpg;F;28
03531.jpg;F;55
03532.jpg;F;29
03533.jpg;F;49
03534.jpg;F;37
03535.jpg;M;43
03536.jpg;M;46
03537.jpg;M;30
03538.jpg;M;40
03539.jpg;F;41
03540.jpg;F;48
03541.jpg;F;33
03542.jpg;M;35
03543.jpg;F;60
03544.jpg;M;75
03545.jpg;F;32
03546.jpg;M;72
03547.jpg;F;30
03548.jpg;F;35
03549.jpg;F;32
03550.jpg;M;21
03551.jpg;F;29
03552.jpg;F;29
03553.jpg;F;52
03554.jpg;F;44
03555.jpg;M;35
03556.jpg;F;28
03557.jpg;M;55
03558.jpg;M;34
03559.jpg;F;27
03560.jpg;F;33
03561.jpg;M;23
03562.jpg;M;27
03563.jpg;M;22
03564.jpg;M;40
03565.jpg;M;43
03566.jpg;F;33
03567.jpg;F;26
03568.jpg;F;24
03569.jpg;M;32
03570.jpg;M;51
03571.jpg;F;52
03572.jpg;F;26
03573.jpg;F;57
03574.jpg;F;38
03575.jpg;F;52
03576.jpg;M;61
03577.jpg;F;37
03578.jpg;F;32
03579.jpg;M;52
03580.jpg;M;31
03581.jpg;F;43
03582.jpg;F;25
03583.jpg;F;44
03584.jpg;F;29
03585.jpg;M;31
03586.jpg;M;28
03587.jpg;F;33
03588.jpg;F;27
03589.jpg;F;32
03590.jpg;M;33
03591.jpg;F;63
03592.jpg;M;25
03593.jpg;F;25
03594.jpg;F;22
03595.jpg;M;23
03596.jpg;M;52
03597.jpg;M;28
03598.jpg;M;37
03599.jpg;M;26
03600.jpg;F;29
03601.jpg;F;43
03602.jpg;F;38
03603.jpg;M;41
03604.jpg;M;31
03605.jpg;F;37
03606.jpg;M;40
03607.jpg;F;63
03608.jpg;F;40
03609.jpg;M;40
03610.jpg;M;29
03611.jpg;M;46
03612.jpg;F;53
03613.jpg;F;31
03614.jpg;F;58
03615.jpg;F;59
03616.jpg;F;61
03617.jpg;F;22
03618.jpg;M;58
03619.jpg;F;29
03620.jpg;F;52
03621.jpg;F;28
03622.jpg;M;50
03623.jpg;F;41
03624.jpg;M;70
03625.jpg;M;46
03626.jpg;F;28
03627.jpg;M;22
03628.jpg;F;25
03629.jpg;F;30
03630.jpg;M;54
03631.jpg;F;26
03632.jpg;F;71
03633.jpg;F;43
03634.jpg;F;36
03635.jpg;M;39
03636.jpg;F;43
03637.jpg;M;47
03638.jpg;M;21
03639.jpg;M;21
03640.jpg;F;42
03641.jpg;M;37
03642.jpg;F;36
03643.jpg;F;32
03644.jpg;F;29
03645.jpg;F;28
03646.jpg;F;22
03647.jpg;F;56
03648.jpg;M;54
03649.jpg;F;56
03650.jpg;F;40
03651.jpg;M;38
03652.jpg;F;26
03653.jpg;M;46
03654.jpg;F;36
03655.jpg;F;37
03656.jpg;F;37
03657.jpg;M;32
03658.jpg;F;20
03659.jpg;F;24
03660.jpg;F;31
03661.jpg;F;44
03662.jpg;M;47
03663.jpg;M;29
03664.jpg;M;21
03665.jpg;F;30
03666.jpg;M;46
03667.jpg;M;62
03668.jpg;M;56
03669.jpg;M;50
03670.jpg;F;36
03671.jpg;M;29
03672.jpg;F;28
03673.jpg;F;56
03674.jpg;F;51
03675.jpg;F;29
03676.jpg;M;27
03677.jpg;F;27
03678.jpg;F;39
03679.jpg;M;22
03680.jpg;M;31
03681.jpg;F;32
03682.jpg;F;53
03683.jpg;F;22
03684.jpg;M;30
03685.jpg;M;41
03686.jpg;M;83
03687.jpg;F;22
03688.jpg;M;36
03689.jpg;M;28
03690.jpg;M;43
03691.jpg;F;52
03692.jpg;M;28
03693.jpg;F;31
03694.jpg;F;30
03695.jpg;F;38
03696.jpg;F;40
03697.jpg;F;44
03698.jpg;F;33
03699.jpg;F;26
03700.jpg;F;39
03701.jpg;M;26
03702.jpg;F;28
03703.jpg;F;21
03704.jpg;M;56
03705.jpg;F;27
03706.jpg;M;48
03707.jpg;F;33
03708.jpg;M;27
03709.jpg;F;42
03710.jpg;F;57
03711.jpg;F;44
03712.jpg;F;28
03713.jpg;M;61
03714.jpg;M;52
03715.jpg;M;66
03716.jpg;F;32
03717.jpg;F;28
03718.jpg;M;24
03719.jpg;F;24
03720.jpg;M;26
03721.jpg;F;61
03722.jpg;F;21
03723.jpg;F;32
03724.jpg;M;56
03725.jpg;M;42
03726.jpg;M;85
03727.jpg;F;36
03728.jpg;F;25
03729.jpg;F;39
03730.jpg;F;44
03731.jpg;F;38
03732.jpg;F;22
03733.jpg;F;56
03734.jpg;F;37
03735.jpg;F;54
03736.jpg;M;42
03737.jpg;F;52
03738.jpg;M;39
03739.jpg;F;39
03740.jpg;F;52
03741.jpg;F;34
03742.jpg;F;61
03743.jpg;M;64
03744.jpg;F;24
03745.jpg;F;23
03746.jpg;F;41
03747.jpg;M;67
03748.jpg;M;55
03749.jpg;F;22
03750.jpg;F;51
03751.jpg;F;38
03752.jpg;M;37
03753.jpg;F;40
03754.jpg;M;28
03755.jpg;M;57
03756.jpg;F;28
03757.jpg;M;45
03758.jpg;F;43
03759.jpg;F;28
03760.jpg;M;25
03761.jpg;M;27
03762.jpg;F;30
03763.jpg;F;49
03764.jpg;F;59
03765.jpg;F;30
03766.jpg;M;26
03767.jpg;M;36
03768.jpg;M;54
03769.jpg;M;40
03770.jpg;F;32
03771.jpg;M;55
03772.jpg;F;25
03773.jpg;F;43
03774.jpg;M;49
03775.jpg;F;32
03776.jpg;M;36
03777.jpg;M;49
03778.jpg;M;38
03779.jpg;F;61
03780.jpg;M;37
03781.jpg;F;31
03782.jpg;M;40
03783.jpg;F;60
03784.jpg;F;32
03785.jpg;M;37
03786.jpg;F;52
03787.jpg;F;30
03788.jpg;F;54
03789.jpg;F;20
03790.jpg;F;21
03791.jpg;M;39
03792.jpg;F;25
03793.jpg;M;45
03794.jpg;F;53
03795.jpg;F;44
03796.jpg;F;57
03797.jpg;F;31
03798.jpg;F;34
03799.jpg;M;60
03800.jpg;F;34
03801.jpg;F;23
03802.jpg;F;25
03803.jpg;F;27
03804.jpg;M;56
03805.jpg;M;25
03806.jpg;F;32
03807.jpg;F;46
03808.jpg;F;20
03809.jpg;F;42
03810.jpg;M;31
03811.jpg;F;37
03812.jpg;F;31
03813.jpg;M;30
03814.jpg;F;21
03815.jpg;F;33
03816.jpg;F;23
03817.jpg;F;20
03818.jpg;F;36
03819.jpg;F;70
03820.jpg;F;47
03821.jpg;F;53
03822.jpg;M;32
03823.jpg;F;36
03824.jpg;M;34
03825.jpg;M;23
03826.jpg;M;26
03827.jpg;M;29
03828.jpg;F;44
03829.jpg;F;28
03830.jpg;F;22
03831.jpg;F;33
03832.jpg;F;23
03833.jpg;F;28
03834.jpg;M;29
03835.jpg;M;53
03836.jpg;M;40
03837.jpg;M;40
03838.jpg;F;28
03839.jpg;F;44
03840.jpg;F;22
03841.jpg;M;25
03842.jpg;M;34
03843.jpg;F;35
03844.jpg;F;50
03845.jpg;F;37
03846.jpg;M;49
03847.jpg;F;27
03848.jpg;F;22
03849.jpg;M;26
03850.jpg;F;36
03851.jpg;M;26
03852.jpg;F;57
03853.jpg;M;58
03854.jpg;M;21
03855.jpg;F;24
03856.jpg;F;33
03857.jpg;F;32
03858.jpg;F;30
03859.jpg;F;22
03860.jpg;M;58
03861.jpg;M;24
03862.jpg;M;36
03863.jpg;F;49
03864.jpg;F;31
03865.jpg;M;50
03866.jpg;M;28
03867.jpg;M;60
03868.jpg;M;28
03869.jpg;F;47
03870.jpg;F;36
03871.jpg;F;50
03872.jpg;M;71
03873.jpg;M;25
03874.jpg;M;21
03875.jpg;M;22
03876.jpg;M;25
03877.jpg;F;31
03878.jpg;M;23
03879.jpg;M;32
03880.jpg;M;48
03881.jpg;M;24
03882.jpg;M;27
03883.jpg;F;22
03884.jpg;M;57
03885.jpg;F;42
03886.jpg;M;30
03887.jpg;M;35
03888.jpg;F;36
03889.jpg;F;20
03890.jpg;M;60
03891.jpg;M;32
03892.jpg;M;29
03893.jpg;M;59
03894.jpg;M;26
03895.jpg;M;31
03896.jpg;F;24
03897.jpg;M;27
03898.jpg;F;54
03899.jpg;M;29
03900.jpg;F;54
03901.jpg;F;19
03902.jpg;F;22
03903.jpg;M;33
03904.jpg;F;19
03905.jpg;F;80
03906.jpg;M;25
03907.jpg;F;30
03908.jpg;F;33
03909.jpg;F;31
03910.jpg;M;43
03911.jpg;F;56
03912.jpg;F;57
03913.jpg;M;45
03914.jpg;F;63
03915.jpg;F;29
03916.jpg;M;28
03917.jpg;F;57
03918.jpg;M;42
03919.jpg;F;45
03920.jpg;F;38
03921.jpg;F;34
03922.jpg;F;27
03923.jpg;F;31
03924.jpg;M;37
03925.jpg;M;21
03926.jpg;F;44
03927.jpg;M;34
03928.jpg;F;23
03929.jpg;M;22
03930.jpg;F;47
03931.jpg;M;25
03932.jpg;F;20
03933.jpg;F;25
03934.jpg;M;45
03935.jpg;F;29
03936.jpg;F;30
03937.jpg;F;37
03938.jpg;M;43
03939.jpg;M;51
03940.jpg;M;29
03941.jpg;F;34
03942.jpg;M;40
03943.jpg;F;60
03944.jpg;F;50
03945.jpg;M;45
03946.jpg;M;67
03947.jpg;F;50
03948.jpg;M;23
03949.jpg;F;57
03950.jpg;F;22
03951.jpg;F;34
03952.jpg;M;56
03953.jpg;F;38
03954.jpg;F;23
03955.jpg;F;35
03956.jpg;F;31
03957.jpg;M;22
03958.jpg;F;29
03959.jpg;M;21
03960.jpg;F;32
03961.jpg;F;21
03962.jpg;M;48
03963.jpg;F;37
03964.jpg;F;34
03965.jpg;F;23
03966.jpg;M;26
03967.jpg;M;27
03968.jpg;M;57
03969.jpg;M;46
03970.jpg;M;65
03971.jpg;F;24
03972.jpg;M;21
03973.jpg;M;39
03974.jpg;F;32
03975.jpg;F;20
03976.jpg;F;30
03977.jpg;F;27
03978.jpg;F;47
03979.jpg;M;28
03980.jpg;F;27
03981.jpg;M;29
03982.jpg;M;56
03983.jpg;M;29
03984.jpg;M;26
03985.jpg;F;28
03986.jpg;F;29
03987.jpg;M;25
03988.jpg;M;26
03989.jpg;M;43
03990.jpg;F;44
03991.jpg;M;26
03992.jpg;F;24
03993.jpg;F;49
03994.jpg;M;23
03995.jpg;F;37
03996.jpg;F;28
